step,timestamp,run_id,robot_model,forward_displacement,base_height,roll,pitch,yaw,command_vx,measured_vx,tracking_error,mpc_accepted,mpc_rejected,predicted_support_force_fl,predicted_support_force_fr,predicted_support_force_rl,predicted_support_force_rr,mpc_cost,contact_fl,contact_fr,contact_rl,contact_rr
0,0.0,a1_demo_run_001,Unitree A1,0.0,0.3260540953126667,0.0008584396749458971,0.021066127558817902,0.0,0.25,0.0,0.25,0,1,6.881698635110423,58.05219707853306,57.16823698367667,8.22450064023927,21.238923834988036,0,1,1,0
1,0.02,a1_demo_run_001,Unitree A1,0.00012129207128596785,0.326092940330605,-0.00023251767488654065,0.022032842583121798,3.246134294112927e-07,0.25,0.006064603564298393,0.2439353964357016,0,1,57.78803084065926,9.195572210881247,7.880253970145599,55.78046605032214,20.985769257410656,1,0,0,1
2,0.04,a1_demo_run_001,Unitree A1,0.0002333687873793164,0.3309487283401896,0.002388255610647103,0.02455323938129064,1.2984336798306956e-06,0.25,0.005603835804667427,0.24439616419533258,0,1,58.45471976268237,6.429667800963893,6.478108250578527,55.768860843917125,21.269953925712244,1,0,0,1
3,0.06,a1_demo_run_001,Unitree A1,0.0005234108943831092,0.3277783078272883,0.00013869607581610817,0.01935345424659085,2.9214006387424562e-06,0.25,0.01450210535018964,0.23549789464981036,0,1,57.74287524102978,8.898292491524852,5.969320804402129,57.82827076219242,20.861486014977856,1,0,0,1
4,0.08,a1_demo_run_001,Unitree A1,0.0005234108943831092,0.32616449644798096,0.0037893599883592564,0.020159468587930336,5.193414121712532e-06,0.25,0.0,0.25,0,1,57.48070709235189,7.096567212538723,7.149018506506508,57.905890633230264,20.854609304945992,1,0,0,1
5,0.1,a1_demo_run_001,Unitree A1,0.0010689841999046868,0.3232790716385334,0.0031775750874423712,0.02028804361080855,8.114333877026765e-06,0.25,0.027278665276078883,0.2227213347239211,0,1,57.32128186094274,8.827852751154001,5.199637322075108,57.548369767513876,21.157949701182034,1,0,0,1
6,0.12,a1_demo_run_001,Unitree A1,0.001425308923567974,0.3257786241727026,0.00654029821270417,0.020651252915917438,1.1683979592184074e-05,0.25,0.01781623618316435,0.23218376381683564,0,1,57.528879917447,8.668593706025453,10.182185852919819,59.15808275683796,20.91013263555181,1,0,0,1
7,0.14,a1_demo_run_001,Unitree A1,0.0015316578316641855,0.32862458836242303,0.0016172126102116857,0.020403265607808814,1.5902130902244368e-05,0.25,0.005317445404810573,0.24468255459518942,0,1,58.28454328026214,9.60132689202631,6.598855482275944,56.44709447093763,20.71325273253147,1,0,0,1
8,0.16,a1_demo_run_001,Unitree A1,0.001645960873325525,0.3212599468408122,0.0033744449022106186,0.02350645037394678,2.0768527400030883e-05,0.25,0.005715152083066978,0.24428484791693303,0,1,58.80527969004921,9.030569621253115,9.636662934657167,58.04271281993376,21.005179023487596,1,0,0,1
9,0.18,a1_demo_run_001,Unitree A1,0.001825022134816615,0.3275319719146299,0.002733677290137066,0.02091544106362378,2.6282868648186438e-05,0.25,0.008953063074554502,0.2410469369254455,0,1,59.82382587206397,7.566643023595497,4.292130620915021,57.37612547377809,20.938490087485988,1,0,0,1
10,0.2,a1_demo_run_001,Unitree A1,0.0021972138902591524,0.32555755780021184,0.004439781827472358,0.02126038028624736,3.244481419308323e-05,0.25,0.018609587772126873,0.23139041222787313,0,1,59.28692202968883,5.503745223133851,7.998313214756758,60.05146434319256,20.554874029442207,1,0,0,1
11,0.22,a1_demo_run_001,Unitree A1,0.003077398543814386,0.3252891159799468,0.007449891846748195,0.019183726134642032,3.925398358058553e-05,0.25,0.044009232677761696,0.2059907673222383,0,1,58.64764025536395,9.761000054902363,5.576522668761833,56.71543893040727,21.119510872908222,1,0,0,1
12,0.24,a1_demo_run_001,Unitree A1,0.0039383778901394524,0.3297632806001302,0.005908782952168004,0.01829560109720744,4.6709956373664544e-05,0.25,0.0430489673162533,0.2069510326837467,0,1,63.061851020755235,9.918763329493933,7.839764639831125,57.72282005581868,21.01139059067142,1,0,0,1
13,0.26,a1_demo_run_001,Unitree A1,0.004504199205883246,0.32698314760172836,0.005504099570909477,0.018755076087314526,5.481227217186494e-05,0.25,0.02829106578718965,0.22170893421281035,0,1,61.02862009858785,7.91185228945291,5.380320756953404,58.62319339817936,20.341516509394634,1,0,0,1
14,0.28,a1_demo_run_001,Unitree A1,0.005118964380897026,0.32371221640127124,0.006547646999706507,0.019711595081588523,6.356043063262206e-05,0.25,0.03073825875068903,0.21926174124931097,0,1,59.11525048976288,8.332716685007908,7.830308544202099,61.29020507574008,20.88712277931826,1,0,0,1
15,0.3,a1_demo_run_001,Unitree A1,0.0063770231625983696,0.32547065159910166,0.0071278083224836876,0.02191107183681664,7.295389149442886e-05,0.25,0.06290293908506717,0.18709706091493283,0,1,57.83240702870234,8.460542029845211,4.865930425615484,59.395754911678296,20.266947572779685,1,0,0,1
16,0.32,a1_demo_run_001,Unitree A1,0.007437125489851911,0.3291288562203232,0.008184554377595176,0.020955771740207622,8.299207460185199e-05,0.25,0.05300511636267705,0.19699488363732295,0,1,57.50385313945395,10.361860077867195,6.786366259497245,58.91043076803758,20.361005170420878,1,0,0,1
17,0.34,a1_demo_run_001,Unitree A1,0.008135689889598192,0.32976419460343287,0.011731641896443398,0.020464246911626238,9.367435993239552e-05,0.25,0.03492821998731401,0.21507178001268598,0,1,61.29413463068401,10.940616126776755,5.610489625713814,58.490778135110546,20.42085139824464,1,0,0,1
18,0.36,a1_demo_run_001,Unitree A1,0.009038557717824936,0.32364882020828895,0.008746872529245005,0.017646895979563045,0.0001050000876252116,0.25,0.045143391411337226,0.20485660858866278,0,1,61.65486348442014,7.7978994636867185,7.643599113243109,59.9080695286948,19.904711874061043,1,0,0,1
19,0.38,a1_demo_run_001,Unitree A1,0.009920988151218758,0.3262146966163668,0.013702967378518574,0.02116655281829287,0.0001169685580116565,0.25,0.044121521669691126,0.20587847833030887,0,1,62.171779062112556,7.972670740774645,5.770760144697682,59.50372503101568,20.54636537036441,1,0,0,1
20,0.4,a1_demo_run_001,Unitree A1,0.010989446959040354,0.3293923564119265,0.011234598398527028,0.016570036399104114,0.0001295790316476913,0.25,0.05342294039107981,0.1965770596089202,0,1,59.78878479091285,8.711130333829969,6.97422447772549,58.105648569907366,19.977354342385667,1,0,0,1
21,0.42,a1_demo_run_001,Unitree A1,0.012278412457351158,0.33220168473786266,0.011499759913191264,0.018720306219715273,0.0001428307293481252,0.25,0.06444827491554016,0.18555172508445983,0,1,61.470584257297524,7.54784174862308,6.629226462257303,58.84426523084887,19.92196237520878,1,0,0,1
22,0.44,a1_demo_run_001,Unitree A1,0.013335786351635738,0.33046305456278446,0.00850158245301106,0.022016766055367086,0.00015672283222270065,0.25,0.052868694714229066,0.19713130528577094,0,1,59.5359856564115,5.628899670176326,5.828167379953268,59.85287716436582,20.23773442325906,1,0,0,1
23,0.46,a1_demo_run_001,Unitree A1,0.01459264294058115,0.3274210288094578,0.009835808222534782,0.020854760662635814,0.00017125448171401852,0.25,0.06284282944727063,0.18715717055272937,0,1,62.318255838302896,7.980151404528603,6.981981572257943,57.89145482210654,19.984417105339695,1,0,0,1
24,0.48,a1_demo_run_001,Unitree A1,0.015941645316204966,0.33112051209469895,0.010620140688870537,0.018217985121259904,0.00018642477963730188,0.25,0.0674501187811908,0.18254988121880922,0,1,61.62136207249881,8.945454697095258,7.11623281342286,57.92104477971307,19.944581347824265,1,0,0,1
25,0.5,a1_demo_run_001,Unitree A1,0.01738620874624054,0.3271588654785396,0.013876456084432087,0.016218196036177024,0.00020223278822199646,0.25,0.07222817150177858,0.17777182849822143,0,1,57.63185219843544,6.756416654154759,5.740294343716603,60.37022834901848,19.79687063896968,1,0,0,1
26,0.52,a1_demo_run_001,Unitree A1,0.01853484758680562,0.3303258068280897,0.00975694962367179,0.020425763620885284,0.00021867753015520635,0.25,0.05743194202825412,0.19256805797174587,0,1,61.007121633081354,7.645970681823949,5.342230054327849,60.55483613477439,19.873407429622176,1,0,0,1
27,0.54,a1_demo_run_001,Unitree A1,0.01982450441839782,0.3294754354220257,0.01150656340026257,0.01459424864430668,0.00023575798862696373,0.25,0.06448284157960997,0.18551715842039002,0,1,62.33813284248322,10.876865481746137,6.542907609916215,56.37112143807804,19.5364576652828,1,0,0,1
28,0.56,a1_demo_run_001,Unitree A1,0.02168323064925432,0.33279301419522705,0.011194819617403214,0.018008221460961937,0.00025347310737732886,0.25,0.09293631154282511,0.1570636884571749,0,1,58.78452163078735,8.97302439946566,7.49871873191697,59.604738756472436,19.910487258397858,1,0,0,1
29,0.58,a1_demo_run_001,Unitree A1,0.023065966513437765,0.33344280240212776,0.01569274755280581,0.02038125701017156,0.00027182179074532095,0.25,0.0691367932091721,0.1808632067908279,0,1,59.049678357336354,7.4151289322537925,6.596295318054909,58.83620876169977,20.160981455512236,1,0,0,1
30,0.6,a1_demo_run_001,Unitree A1,0.024542058796420043,0.33410832524704126,0.010602555577815573,0.019014333909588718,0.00029080290371967575,0.25,0.07380461414911395,0.17619538585088607,0,1,61.1396992337646,8.19009438977101,6.323974586383403,57.54895235081728,19.584425589127747,1,0,0,1
31,0.62,a1_demo_run_001,Unitree A1,0.02615788734918175,0.33103925924289657,0.015336081873643898,0.018367246450893132,0.0003104152719914293,0.25,0.08079142763808533,0.16920857236191467,0,1,58.74158305231829,9.232496348183187,7.855637950021791,60.707748012520376,19.823629304735142,1,0,0,1
32,0.64,a1_demo_run_001,Unitree A1,0.027569981178016296,0.3305440535826749,0.015383265789868306,0.017952057180092712,0.0003306576820083241,0.25,0.07060469144172726,0.17939530855827274,0,1,63.235049944466304,9.909360681195405,6.984502726039063,56.826476235701705,19.315029797497964,1,0,0,1
33,0.66,a1_demo_run_001,Unitree A1,0.02906726565833255,0.33169067156183285,0.015335596991394045,0.017270347403094157,0.00035152888103103755,0.25,0.07486422401581268,0.17513577598418734,0,1,62.76538028625472,9.978840858105128,7.119099554532585,60.32862983720696,19.206524715238675,1,0,0,1
34,0.68,a1_demo_run_001,Unitree A1,0.031100608507496737,0.3367469520731688,0.01831800411618635,0.019439488618647097,0.00037302757719122814,0.25,0.10166714245820929,0.1483328575417907,0,1,61.739920952344434,5.250412305761637,7.778881616868254,60.479515195845444,19.684509998887595,1,0,0,1
35,0.7000000000000001,a1_demo_run_001,Unitree A1,0.03308163145822765,0.3314395414807359,0.016555536077495915,0.013987674561029218,0.00039515243955139866,0.25,0.0990511475365455,0.15094885246345452,0,1,58.521670742539655,7.298053740404266,5.584226409961391,55.57825104094834,19.55392514236883,1,0,0,1
36,0.72,a1_demo_run_001,Unitree A1,0.03452555092596725,0.33206383278877927,0.013111962466761988,0.011715003000828264,0.0004179020981665729,0.25,0.07219597338697993,0.17780402661302008,0,1,62.0216530447383,8.792867868987827,5.7311978430175925,59.70010486918414,19.36716224947028,1,0,0,1
37,0.74,a1_demo_run_001,Unitree A1,0.03628837598753791,0.33144843200696916,0.017442158797014638,0.012370535289001824,0.00044127514414778397,0.25,0.08814125307853289,0.16185874692146712,0,1,59.34344485577033,9.313470659809443,6.6105516880916,60.54191584002439,19.67637181176334,1,0,0,1
38,0.76,a1_demo_run_001,Unitree A1,0.037764113122945725,0.3288598686209823,0.015185460571600863,0.012600175137372865,0.0004652701297273715,0.25,0.07378685677039057,0.17621314322960943,0,1,59.6220939230959,5.479049490022037,5.918453881062088,60.10997441967136,19.580104535142624,1,0,0,1
39,0.78,a1_demo_run_001,Unitree A1,0.0392192873599702,0.3338143595283778,0.01779670758116805,0.014496486870445696,0.0004898855683260848,0.25,0.07275871185122382,0.17724128814877618,0,1,60.24274814662755,8.6704904824266,8.328413739608163,62.702321997560134,19.430029277450195,1,0,0,1
40,0.8,a1_demo_run_001,Unitree A1,0.041079913676240594,0.33340461628059753,0.015424537589524067,0.01599774218014739,0.0005151199346219886,0.25,0.09303131581351995,0.15696868418648005,0,1,61.99605387674702,8.265030097624937,5.9063085450103365,58.85532815420049,18.813619964220415,1,0,0,1
41,0.8200000000000001,a1_demo_run_001,Unitree A1,0.04334253880754715,0.3322737681789968,0.01615174423591766,0.013793684435342752,0.0005409716646211716,0.25,0.11313125656532752,0.13686874343467248,0,1,61.519430216057444,9.357415223845935,6.546737606500764,60.50981024207951,19.23434402559138,1,0,0,1
42,0.84,a1_demo_run_001,Unitree A1,0.045255985897369365,0.3306164229382839,0.013950901970475918,0.012366422969184212,0.0005674391557302486,0.25,0.09567235449111082,0.15432764550888917,0,1,62.7711257978397,9.358758409475083,8.718681208595426,58.43238162739264,18.889584629015914,1,0,0,1
43,0.86,a1_demo_run_001,Unitree A1,0.04757786740149152,0.3311625456455795,0.016288647738267537,0.012058780805844639,0.0005945207668306621,0.25,0.11609407520610784,0.13390592479389216,0,1,63.95742138033622,9.858860439724406,6.334974911870489,59.73990066387597,19.196338564082623,1,0,0,1
44,0.88,a1_demo_run_001,Unitree A1,0.04932880306721003,0.33109588521947403,0.01435219349585128,0.006987284043961366,0.0006222148183547704,0.25,0.08754678328592524,0.16245321671407476,0,1,60.044463943083265,5.941203838870621,4.945023929759504,62.26038782059925,19.177256064529484,1,0,0,1
45,0.9,a1_demo_run_001,Unitree A1,0.05140123618578662,0.32841068930486644,0.017713869236918797,0.008933521087787567,0.000650519592363729,0.25,0.10362165592882956,0.14637834407117045,0,1,61.699650745051486,8.038864998615564,5.592644036151012,60.03889700003824,19.303031047338205,1,0,0,1
46,0.92,a1_demo_run_001,Unitree A1,0.05349514719542669,0.3312153091004746,0.01798160209544581,0.010602140117208548,0.0006794333326271527,0.25,0.10469555048200357,0.14530444951799643,0,1,63.418077977899706,7.594360622027979,7.986440823322214,63.335576011121205,19.018909136341904,1,0,0,1
47,0.9400000000000001,a1_demo_run_001,Unitree A1,0.055624683523394766,0.3352646849051788,0.021398576244557738,0.01055216551514733,0.0007089542447045633,0.25,0.10647681639840374,0.14352318360159627,0,1,62.60684153694143,8.382911502200178,4.577978537588864,59.94949947310823,18.922645064689164,1,0,0,1
48,0.96,a1_demo_run_001,Unitree A1,0.058005927932353325,0.333983845283458,0.015560470293532929,0.009588498768386385,0.0007390804960286126,0.25,0.11906222044792786,0.13093777955207214,0,1,63.11220020586852,8.168599442749972,7.431294594023071,61.189764615758996,19.514575918423528,1,0,0,1
49,0.98,a1_demo_run_001,Unitree A1,0.06031996374790826,0.3318994259490808,0.01909637778916357,0.009223562902093004,0.0007698102159900835,0.25,0.1157017907777467,0.1342982092222533,0,1,60.15604794653353,7.940921515577157,6.32827620573358,61.08113430375889,18.83435976932143,1,0,0,1
50,1.0,a1_demo_run_001,Unitree A1,0.06239784131514797,0.334766324369677,0.017865135122157177,0.012132862366561527,0.0008011414960246605,0.25,0.10389387836198574,0.14610612163801426,0,1,63.12378799148552,7.571304163371532,8.012292269648949,61.667884960145116,18.671554213931508,1,0,0,1
51,1.02,a1_demo_run_001,Unitree A1,0.06431601954292888,0.3322675788356907,0.01632064805394558,0.008464756837353038,0.0008330723897014695,0.25,0.09590891138904566,0.15409108861095433,0,1,61.733901279436424,8.170962057077135,7.252693438852015,62.48005160418744,18.645118192683647,1,0,0,1
52,1.04,a1_demo_run_001,Unitree A1,0.06645806017262852,0.331473218977954,0.022302002641079066,0.007853543692522011,0.0008656009128133811,0.25,0.10710203148498221,0.1428979685150178,0,1,62.616917457927215,9.891427680905743,8.088402665531333,59.852925616530804,19.111105869458278,1,0,0,1
53,1.06,a1_demo_run_001,Unitree A1,0.06876017675693552,0.3332259545673089,0.014634160955503926,0.005301713444780227,0.0008987250434690758,0.25,0.11510582921535012,0.13489417078464988,0,1,62.594010602481504,7.963109209508755,8.022710548304296,60.31661426613472,18.724995402958523,1,0,0,1
54,1.08,a1_demo_run_001,Unitree A1,0.07096680993680914,0.3340352687161416,0.016822302080707164,0.009744867514651884,0.0009324427221868645,0.25,0.11033165899368087,0.13966834100631914,0,1,62.195914903227916,8.508702307335955,7.708556939869956,60.79004362749203,18.54460311624551,1,0,0,1
55,1.1,a1_demo_run_001,Unitree A1,0.07297096026462442,0.33790342870329554,0.01975900854010127,0.00654017809914779,0.0009667518519902632,0.25,0.10020751639076414,0.14979248360923586,0,1,64.67224491042073,10.280801039796625,7.137071348684912,60.98041040062862,19.235013214267706,1,0,0,1
56,1.12,a1_demo_run_001,Unitree A1,0.07494887552836811,0.33361980458674073,0.018352221942495472,0.008217327168062356,0.0010016502985053168,0.25,0.09889576318718421,0.1511042368128158,0,1,60.623313674347266,10.623405960454159,8.721077935596014,63.28014955418173,18.82093368723769,1,0,0,1
57,1.1400000000000001,a1_demo_run_001,Unitree A1,0.07757543243376755,0.33353720673153764,0.01838421811594229,0.009315917647547602,0.001037135890059666,0.25,0.13132784526997188,0.11867215473002812,0,1,7.336417747249039,62.07514225755568,61.2722721124423,5.614272836800931,18.36985074324047,0,1,1,0
58,1.16,a1_demo_run_001,Unitree A1,0.08009913586036917,0.33497042171328634,0.019299472464698524,0.0015564233254679325,0.0010732064177833597,0.25,0.12618517133008064,0.12381482866991936,0,1,7.138446423383872,65.1832004069429,59.0855518320016,7.429400324398217,18.42193077324573,0,1,1,0
59,1.18,a1_demo_run_001,Unitree A1,0.08245072408491576,0.3302153603178616,0.019961482518954583,0.007014990663362556,0.001109859635711398,0.25,0.11757941122732952,0.1324205887726705,0,1,5.887509533134899,62.33716615319088,59.05761587023716,7.3710598433957495,18.68865866406273,0,1,1,0
60,1.2,a1_demo_run_001,Unitree A1,0.0850782589772163,0.33697277116842045,0.01352265389947395,0.004362044352652944,0.0011470932608880129,0.25,0.1313767446150271,0.1186232553849729,0,1,8.62846478953045,61.77456829725315,58.996392428606505,8.786119919653823,18.512859050696402,0,1,1,0
61,1.22,a1_demo_run_001,Unitree A1,0.0877479332960085,0.33815737960976733,0.018252284094519653,0.0012049886454283303,0.001184904973472676,0.25,0.13348371593961014,0.11651628406038986,0,1,8.044966491722631,61.45598844615412,59.01828627057519,6.7363001603527835,18.16266111043491,0,1,1,0
62,1.24,a1_demo_run_001,Unitree A1,0.09027664081006685,0.333366358384896,0.017471329442256642,0.0059964371630575955,0.0012232924168478283,0.25,0.12643537570291816,0.12356462429708184,0,1,9.69390014580553,61.61748899885377,59.31339528549424,7.902213089433505,18.576304704307226,0,1,1,0
63,1.26,a1_demo_run_001,Unitree A1,0.09278267536043627,0.33243199611820257,0.018950533007609273,0.006910196163514913,0.001262253197728331,0.25,0.12530172751847096,0.12469827248152904,0,1,6.506250250135603,61.65786508420087,59.32126042797862,7.368448446969848,18.51374348038846,0,1,1,0
64,1.28,a1_demo_run_001,Unitree A1,0.09569520735427131,0.3342610270476158,0.02042297990080019,0.0035607270632123647,0.0013017848862726326,0.25,0.14562659969175176,0.10437340030824824,1,0,8.967584976449313,62.54129969027397,61.5065483939555,6.964501854949569,15.402671276590752,0,1,1,0
65,1.3,a1_demo_run_001,Unitree A1,0.0985647378055243,0.33477447399687726,0.017650195081574987,0.0018289697193680217,0.0013418850161956422,0.25,0.14347652256264967,0.10652347743735033,1,0,6.226977237478715,59.64839957155802,58.49259003581452,8.168213595080903,15.067529605262619,0,1,1,0
66,1.32,a1_demo_run_001,Unitree A1,0.10160090747577666,0.33210768927323997,0.01659066549453882,0.0002662114915732046,0.001382551084883315,0.25,0.15180848351261825,0.09819151648738175,1,0,4.018723387388482,61.09596017857265,61.75850109967753,9.457267966612415,15.142585508329043,0,1,1,0
67,1.34,a1_demo_run_001,Unitree A1,0.10456348548988591,0.3298957042933786,0.017690444172326795,0.0006589087218736738,0.001423780553508932,0.25,0.14812890070546259,0.10187109929453741,1,0,7.794793080919744,63.76184759857296,62.12553583011019,8.243137324446241,15.483714189332204,0,1,1,0
68,1.36,a1_demo_run_001,Unitree A1,0.1073721157040212,0.3337653995002008,0.013378932506644578,0.0007770630852022059,0.0014655708471510798,0.25,0.14043151070676468,0.10956848929323532,0,1,10.478568302426154,60.72053540934796,61.89380771891302,7.121069543199105,18.21076053555521,0,1,1,0
69,1.3800000000000001,a1_demo_run_001,Unitree A1,0.11003758170028798,0.3323135781062608,0.018058833967508826,0.002449397181971692,0.0015079193549133217,0.25,0.13327329981333844,0.11672670018666156,0,1,7.348008727098787,63.89670519466273,60.29232563171445,7.586335472819343,18.205159498650513,0,1,1,0
70,1.4000000000000001,a1_demo_run_001,Unitree A1,0.11275493615822306,0.33761118832034887,0.017017643619237844,-0.0006874053037256506,0.0015508234300455545,0.25,0.13586772289675453,0.11413227710324547,0,1,7.539723043020469,61.194699483835706,57.826750053398165,7.824622790430606,17.69788444022738,0,1,1,0
71,1.42,a1_demo_run_001,Unitree A1,0.11543784535703738,0.33369462809347344,0.013770944800741137,-7.095522539822454e-05,0.0015942803900670462,0.25,0.13414545994071594,0.11585454005928406,0,1,8.354210016072475,62.374997096209526,61.4396511283856,8.559012335911126,17.7745489628258,0,1,1,0
72,1.44,a1_demo_run_001,Unitree A1,0.11830481935300224,0.3340571839933183,0.013979359255302191,-0.0002937144974084703,0.0016382875168911512,0.25,0.14334869979824288,0.10665130020175712,1,0,8.911356089703695,62.27522036681106,62.207227774726334,5.661296624132591,14.358881150444425,0,1,1,0
73,1.46,a1_demo_run_001,Unitree A1,0.1212317338189587,0.33435312647438553,0.014493912571132077,-0.00215005246547523,0.0016828420569516948,0.25,0.14634572329782308,0.10365427670217692,1,0,6.346937963425083,63.4640197365211,58.88125799219771,7.377418525695982,15.157286826540664,0,1,1,0
74,1.48,a1_demo_run_001,Unitree A1,0.12441352257049898,0.3313478123831696,0.016305255612804687,-0.0015102640875213056,0.001727941221331028,0.25,0.15908943757701396,0.09091056242298604,1,0,7.891209613466522,63.77960161908261,59.30820109967719,7.237160125225379,14.986954674260998,0,1,1,0
75,1.5,a1_demo_run_001,Unitree A1,0.12766354588527676,0.33175811132236915,0.019029471998000553,0.0007863313926491308,0.001773582185889737,0.25,0.16250116573888845,0.08749883426111155,1,0,7.7324952660736095,64.78136433924664,59.53952366907815,9.25125699912066,14.511916982310536,0,1,1,0
76,1.52,a1_demo_run_001,Unitree A1,0.1306103177918455,0.3388895267571703,0.019633428308217436,-0.006770820368563321,0.0018197620913980128,0.25,0.14733859532843707,0.10266140467156293,1,0,8.95846467233048,60.85933839798786,59.90775164925713,5.4804602981498975,14.643076565905996,0,1,1,0
77,1.54,a1_demo_run_001,Unitree A1,0.13367919873260342,0.3374826890641959,0.012035935820087816,-0.002503828566070863,0.0018664780436686691,0.25,0.153444047037895,0.09655595296210501,1,0,7.633471756175849,62.749789269988476,60.47667984005416,6.709474948516829,14.536146535978732,0,1,1,0
78,1.56,a1_demo_run_001,Unitree A1,0.13639627186569242,0.3310543488007506,0.01234618150278295,0.00031527899944297976,0.0019137271136918032,0.25,0.1358536566544501,0.1141463433455499,0,1,8.632156349445767,62.33585115526504,57.23083046058849,6.346831570881789,17.70661515331029,0,1,1,0
79,1.58,a1_demo_run_001,Unitree A1,0.13925643054546158,0.33488280036626356,0.012395768885404087,0.0014934142115007212,0.0019615063377710993,0.25,0.14300793398845818,0.10699206601154182,1,0,9.040627582300147,61.63190962165612,61.46044719343,9.93702789827157,14.239321765636994,0,1,1,0
80,1.6,a1_demo_run_001,Unitree A1,0.1420418538976391,0.3332401918682143,0.01511946706973415,-0.0034560191672372777,0.002009812717661762,0.25,0.13927116760887553,0.11072883239112447,0,1,7.993679310681672,63.44701151813127,60.463723323025356,7.076195287510747,17.272255475895165,0,1,1,0
81,1.62,a1_demo_run_001,Unitree A1,0.14514142235597147,0.33595814948376834,0.012639707517368707,-0.0025588983384930335,0.0020586432207100797,0.25,0.15497842291661787,0.09502157708338213,1,0,8.331631904597627,64.7903785043711,57.469172519715215,8.22716263384204,14.513223466279202,0,1,1,0
82,1.6400000000000001,a1_demo_run_001,Unitree A1,0.1481041863663272,0.33640493915424785,0.008603275672234501,-0.007847075165374355,0.002107994779994605,0.25,0.1481382005177859,0.1018617994822141,1,0,7.545937746123083,60.988398974801314,61.8530964155693,8.994019145949999,14.325217459751256,0,1,1,0
83,1.6600000000000001,a1_demo_run_001,Unitree A1,0.15103278054426697,0.33280253565455875,0.011947227641783166,-0.0038384320597458655,0.0021578642944689603,0.25,0.14642970889698956,0.10357029110301044,1,0,7.028849471562405,62.36547031850574,59.666295516965036,7.991833643608085,14.61569508600945,0,1,1,0
84,1.68,a1_demo_run_001,Unitree A1,0.1541623334520022,0.3363773238331374,0.008182264707389872,-0.005749325540163697,0.0022082486291062423,0.25,0.15647764538676173,0.09352235461323827,1,0,8.586147987329218,63.51420986078755,59.15340930317376,6.827690280674523,14.765712561370213,0,1,1,0
85,1.7,a1_demo_run_001,Unitree A1,0.15687084108943017,0.33257605721355055,0.012402396185806644,-0.007574587113742461,0.00225914461504504,0.25,0.13542538187139863,0.11457461812860137,0,1,8.76766590534305,62.673296598084484,60.302280268843155,9.435709080984203,17.168812604899472,0,1,1,0
86,1.72,a1_demo_run_001,Unitree A1,0.1600274824567906,0.3347645214091257,0.010325027323534703,-0.002554438365309058,0.0023105490497370472,0.25,0.1578320683680221,0.0921679316319779,1,0,7.078701243235808,61.292943359224004,60.369247496646494,6.397008839725552,13.94517805737918,0,1,1,0
87,1.74,a1_demo_run_001,Unitree A1,0.16333774897724254,0.33789073906917144,0.01227718657594504,-0.009052272635971075,0.002362458697096264,0.25,0.1655133260225974,0.08448667397740259,1,0,7.427313567383406,62.612536860189955,61.88938040106324,9.462218933349769,13.859795157216189,0,1,1,0
88,1.76,a1_demo_run_001,Unitree A1,0.16685614106259322,0.33528858484342317,0.010363337658017892,-0.006136152399952656,0.002414870287649789,0.25,0.1759196042675339,0.07408039573246611,1,0,6.4754140686097905,62.95337241388164,60.20359299588082,7.962765417648707,14.012264683705405,0,1,1,0
89,1.78,a1_demo_run_001,Unitree A1,0.16981684077362647,0.33422961084599884,0.007493514697865035,-0.007516136467913973,0.0024677805186901908,0.25,0.14803498555166195,0.10196501444833805,1,0,9.578410326810971,62.29420854238603,60.64667997480318,8.87902351313715,13.997331936643373,0,1,1,0
90,1.8,a1_demo_run_001,Unitree A1,0.1729760769394204,0.33731230885731583,0.006226452035469928,-0.011750897867966114,0.0025211860544294487,0.25,0.15796180828969664,0.09203819171030336,1,0,6.831896727050545,64.31115688223912,61.18526621369668,4.654735668272771,13.950610483625102,0,1,1,0
91,1.82,a1_demo_run_001,Unitree A1,0.17576611628808372,0.3320761500990384,0.005285543682401241,-0.01283153989643459,0.002575083526154463,0.25,0.13950196743316542,0.11049803256683458,0,1,8.26637489468976,62.97520975436803,61.66341196765848,8.560542540176776,16.797828559904634,0,1,1,0
92,1.84,a1_demo_run_001,Unitree A1,0.17938675136820237,0.33509126250394844,0.0069959856142058465,-0.005999762444040057,0.0026294695323841296,0.25,0.18103175400593188,0.06896824599406812,1,0,8.465438020207182,62.88860903492702,58.828913111327815,10.035473140252687,13.586362262988532,0,1,1,0
93,1.86,a1_demo_run_001,Unitree A1,0.1826599887671167,0.3328742484206914,0.011063314766952312,-0.009201631721810662,0.0026843406390279607,0.25,0.16366186994571622,0.08633813005428378,1,0,10.90810313194437,63.61868819985101,61.820149357243665,7.552318907922968,13.920045494982622,0,1,1,0
94,1.8800000000000001,a1_demo_run_001,Unitree A1,0.18605483789607868,0.3294083741615614,0.010144012321985196,-0.015755907095582177,0.00273969337954626,0.25,0.1697424564480994,0.0802575435519006,1,0,9.3801732492514,62.00953639715268,57.911489871180436,5.35623583364564,13.811438899950224,0,1,1,0
95,1.9000000000000001,a1_demo_run_001,Unitree A1,0.18904821379778222,0.3330294755615877,0.004228035561563745,-0.009548217515220463,0.0027955242551118338,0.25,0.14966879508517653,0.10033120491482347,1,0,7.821902384383914,62.668046075385625,60.268963778994475,7.144968050709395,14.020633326831959,0,1,1,0
96,1.92,a1_demo_run_001,Unitree A1,0.1923643913980842,0.3342444240202658,0.003377031906198619,-0.01122698993617106,0.002851829734773242,0.25,0.16580888001509872,0.08419111998490128,1,0,9.971967973064308,61.816613514710525,59.14195486989415,7.965559691348014,13.376243124100087,0,1,1,0
97,1.94,a1_demo_run_001,Unitree A1,0.19561237879045332,0.32802470469882444,0.008688748789061996,-0.006554450057754912,0.0029086062556195713,0.25,0.16239936961845589,0.08760063038154411,1,0,6.641612751241485,61.9266213907948,60.51910086815004,6.912952914791121,13.603101751912321,0,1,1,0
98,1.96,a1_demo_run_001,Unitree A1,0.19873325601797348,0.3280899399343985,0.002964395064745097,-0.011803209686847322,0.0029658502229467313,0.25,0.15604386137600793,0.09395613862399207,1,0,7.273537021914182,62.612652749306775,61.36172458923818,6.32956839161946,14.076217689607661,0,1,1,0
99,1.98,a1_demo_run_001,Unitree A1,0.20188053347567503,0.3325538635791105,0.004262176018597218,-0.01319649545862064,0.0030235580104252665,0.25,0.15736387288507803,0.09263612711492197,1,0,8.959249685131253,63.37406524570079,61.13040749818073,7.7193541759386335,13.95775805245407,0,1,1,0
100,2.0,a1_demo_run_001,Unitree A1,0.20509905206248394,0.33285349998223757,0.0037450598858288285,-0.011560343148774587,0.0030817259602696654,0.25,0.1609259293404453,0.0890740706595547,1,0,8.535342504606799,64.90561123999308,59.66744875833526,7.147646709161528,13.53397681856739,0,1,1,0
101,2.02,a1_demo_run_001,Unitree A1,0.20835427392731967,0.3323986474529966,0.0020305159124030313,-0.014174903338844375,0.003140350383409189,0.25,0.16276109324178656,0.08723890675821344,1,0,7.924725911832253,61.539040078226066,56.03029273496524,8.343597748893378,13.655627390577393,0,1,1,0
102,2.04,a1_demo_run_001,Unitree A1,0.21141334072665446,0.3368813848809174,0.004563760642261152,-0.013898481705722223,0.0031994275596601706,0.25,0.1529533399667399,0.0970466600332601,1,0,6.470349433708417,64.57199058581215,58.467399816422365,6.955452637507289,13.374882488328856,0,1,1,0
103,2.06,a1_demo_run_001,Unitree A1,0.21522688342452428,0.34033772124985745,0.0037819819741326402,-0.014481730353643318,0.0032589537378998144,0.25,0.19067713489349114,0.05932286510650886,1,0,8.04970079420704,62.6140407899354,58.40166157126624,7.344657017994477,13.583939007321014,0,1,1,0
104,2.08,a1_demo_run_001,Unitree A1,0.2187329945883441,0.3317661205368506,0.002160840659168652,-0.012754998440819891,0.00331892513624147,0.25,0.17530555819099183,0.07469444180900817,1,0,9.842177918166048,61.04542033094368,59.04584436666352,8.00374454516438,13.373936589175385,0,1,1,0
105,2.1,a1_demo_run_001,Unitree A1,0.2222894304887252,0.3330511429519949,-0.0020681944357936887,-0.014918814677082035,0.003379337942211376,0.25,0.17782179501905515,0.07217820498094485,1,0,6.471772505645371,63.421136604513784,59.434465233382674,8.48305253465868,13.017224580661226,0,1,1,0
106,2.12,a1_demo_run_001,Unitree A1,0.2258587115423886,0.3306852481807583,-0.0024751440176964366,-0.015584986461225211,0.003440188312926868,0.25,0.17846405268316867,0.07153594731683133,1,0,11.008241700286167,60.593250178994104,60.26575440835678,8.692113288189265,13.308064541128283,0,1,1,0
107,2.14,a1_demo_run_001,Unitree A1,0.22935454667672306,0.33493631976105864,0.0005550952310363459,-0.015379479105628438,0.0035014723752760453,0.25,0.1747917567167229,0.0752082432832771,1,0,9.098669224210814,64.52151338252995,59.796788836904426,6.968717091313132,13.145843112846435,0,1,1,0
108,2.16,a1_demo_run_001,Unitree A1,0.23290086984543082,0.3269551971474144,-0.0017268586567092776,-0.016388245669722763,0.0035631862260988877,0.25,0.1773161584353883,0.07268384156461169,1,0,6.4087955784567034,62.240667801353254,59.52544630721263,7.351252320744252,13.284308485507188,0,1,1,0
109,2.18,a1_demo_run_001,Unitree A1,0.23661023835952166,0.334758527867562,0.0004097845025849993,-0.014794888137151862,0.0036253259323698077,0.25,0.18546842570454258,0.06453157429545742,1,0,7.626344988783765,62.309015520671984,60.42840945650312,7.102648725723399,12.860462297837923,0,1,1,0
110,2.2,a1_demo_run_001,Unitree A1,0.240138480141611,0.3271671373336433,-0.002736643286283518,-0.014274250421362938,0.0036878875313816435,0.25,0.17641208910446665,0.07358791089553335,1,0,6.988672170174592,65.04805767313732,63.41790829862067,9.602646733060682,13.105461051486357,0,1,1,0
111,2.22,a1_demo_run_001,Unitree A1,0.24405004023161764,0.3325032800567262,-0.00427639554561394,-0.015553182557006523,0.0037508670309310756,0.25,0.19557800450033294,0.05442199549966706,1,0,7.450432303564393,62.80224144450516,60.56789095294084,6.943062602459974,13.14581462489593,0,1,1,0
112,2.24,a1_demo_run_001,Unitree A1,0.2476209172889965,0.33262853422023037,-0.004402045761549917,-0.017261527533180433,0.003814260409505463,0.25,0.17854385286894292,0.07145614713105708,1,0,9.95595818553455,63.94343871390919,60.04202611082109,7.501150545090338,13.066785291181615,0,1,1,0
113,2.2600000000000002,a1_demo_run_001,Unitree A1,0.2515343497464988,0.32879805478249374,0.0028712720228337633,-0.024048677515144085,0.0038780636164710883,0.25,0.1956716228751162,0.05432837712488381,1,0,9.114146227517377,64.0928587130301,61.83913173864017,6.501889316728815,12.535681730927344,0,1,1,0
114,2.2800000000000002,a1_demo_run_001,Unitree A1,0.25496910048778043,0.3317085155294418,-0.004989973371971795,-0.01558176359552395,0.003942272572262812,0.25,0.17173753706408162,0.07826246293591838,1,0,60.906769848923744,6.379656407611628,5.3940011568508215,60.72169963824857,12.772057687567179,1,0,0,1
115,2.3000000000000003,a1_demo_run_001,Unitree A1,0.258704209745149,0.3348925880854194,-0.005368247045052041,-0.022035352910391912,0.004006883168575113,0.25,0.1867554628684279,0.0632445371315721,1,0,63.90769112044344,7.009065712266028,6.87423906678939,60.20048962985454,12.55593212212803,1,0,0,1
116,2.32,a1_demo_run_001,Unitree A1,0.2625497099405519,0.33081024771684114,-0.00677072926719356,-0.018029517891638615,0.004071891268554529,0.25,0.1922750097701442,0.057724990229855805,1,0,60.877512437694506,8.214643668513109,7.106347554061504,60.283218802530165,13.254914017284273,1,0,0,1
117,2.34,a1_demo_run_001,Unitree A1,0.26655951096888025,0.33147142677568003,-0.005743148114875197,-0.020777159060443272,0.004137292706993459,0.25,0.20049005141641962,0.04950994858358038,1,0,62.78744037265211,8.615171664135389,8.086034229163735,61.07481742557774,12.849015995770046,1,0,0,1
118,2.36,a1_demo_run_001,Unitree A1,0.2705896727903477,0.3276896556063287,-0.0054511243158495174,-0.020448019432945705,0.004203083290525361,0.25,0.20150809107337042,0.04849190892662958,1,0,61.26670932541518,7.253085440244677,5.777080237494453,61.64997074287392,12.63602574467834,1,0,0,1
119,2.38,a1_demo_run_001,Unitree A1,0.2740823584287586,0.32961398508375117,-0.0030049303555771184,-0.018858953540002863,0.0042692587978212905,0.25,0.17463428192054609,0.07536571807945391,1,0,62.758167623607676,9.70987180194491,6.590026914951276,61.76533136316876,12.43602703740765,1,0,0,1
120,2.4,a1_demo_run_001,Unitree A1,0.2776658812108737,0.3263783683372719,-0.004662983712156087,-0.01619290444545381,0.004335814979787806,0.25,0.17917613910575583,0.07082386089424417,1,0,59.85502966396017,6.104971874748713,7.40217426205011,61.05216814157158,12.878530984316525,1,0,0,1
121,2.42,a1_demo_run_001,Unitree A1,0.281788443132143,0.3338548071978162,-0.008297753724721087,-0.018731770834512725,0.0044027475597662215,0.25,0.20612809606346633,0.043871903936533674,1,0,62.622658676386735,7.877530676707298,7.176790214058596,61.51698984631512,12.279334657473054,1,0,0,1
122,2.44,a1_demo_run_001,Unitree A1,0.2854642134830362,0.3294342363117131,-0.0077642937631019785,-0.02278187225601574,0.004470052233733195,0.25,0.18378851754465966,0.06621148245534034,1,0,61.73398764357378,5.782089691234045,6.332671875525029,60.513245285581725,12.703706340404644,1,0,0,1
123,2.46,a1_demo_run_001,Unitree A1,0.2888822809966696,0.33252803809099796,-0.00793404447449168,-0.022446778914649756,0.004537724670502649,0.25,0.1709033756816707,0.07909662431832931,1,0,61.62298491380049,8.977241225539359,7.091305926661798,60.60499323895925,12.070889535179171,1,0,0,1
124,2.48,a1_demo_run_001,Unitree A1,0.29293704431554585,0.33220518590193865,-0.008360799115647173,-0.017689726231134975,0.004605760511929013,0.25,0.20273816594381033,0.04726183405618967,1,0,63.90731781213539,7.1936663576826545,7.874406199897347,60.24330205152323,12.152229331965685,1,0,0,1
125,2.5,a1_demo_run_001,Unitree A1,0.29688285452742286,0.32867355121764624,-0.006959632051598493,-0.019125079991217986,0.004674155373111778,0.25,0.19729051059385175,0.05270948940614825,1,0,62.45327825643167,6.459438666146786,7.720779166619705,61.168399715020605,12.743522608908993,1,0,0,1
126,2.52,a1_demo_run_001,Unitree A1,0.3004137295467237,0.3309506982640632,-0.006954033209111642,-0.021281834384640676,0.004742904842601365,0.25,0.1765437509650408,0.0734562490349592,1,0,61.72637395714644,8.921946314500904,6.634162391807492,60.563742914170255,12.312401237750969,1,0,0,1
127,2.54,a1_demo_run_001,Unitree A1,0.3041021561819923,0.33199910513734804,-0.007009190922077047,-0.01780210482666636,0.004812004482606273,0.25,0.18442133176343142,0.06557866823656858,1,0,61.79178499968518,8.552121284465496,8.01824742624337,63.086364767986105,11.827930853213878,1,0,0,1
128,2.56,a1_demo_run_001,Unitree A1,0.30824543198192417,0.3325219134994108,-0.008720859511991783,-0.020477516473443834,0.00488144982920153,0.25,0.2071637899965925,0.04283621000340751,1,0,61.68640909120818,9.678937934537162,7.094393783698,58.62153814149286,12.476127916127494,1,0,0,1
129,2.58,a1_demo_run_001,Unitree A1,0.31199144813657365,0.3217556399730643,-0.010527139989740053,-0.020717487142202846,0.004951236392538424,0.25,0.18730080773247285,0.06269919226752715,1,0,59.18596557358687,7.861920808220148,8.147021791759819,60.466161613757315,11.877904167983253,1,0,0,1
130,2.6,a1_demo_run_001,Unitree A1,0.3157233428056586,0.33260554107861656,-0.010984608145733226,-0.021925374799235047,0.005021359657055497,0.25,0.18659473345424699,0.06340526654575301,1,0,61.249236560956014,10.285929968459858,5.979344664763381,58.85645773874839,12.388658473669198,1,0,0,1
131,2.62,a1_demo_run_001,Unitree A1,0.3195007069943784,0.33211587297614287,-0.012135909469641012,-0.02586060338265341,0.0050918150816908,0.25,0.18886820943598728,0.06113179056401272,0,1,58.51584428234899,6.455274022093821,8.627222995687257,57.89169649506036,14.03371887419099,1,0,0,1
132,2.64,a1_demo_run_001,Unitree A1,0.32369504294692886,0.32908606002407875,-0.01217301974067027,-0.01832314031741922,0.005162598100095416,0.25,0.20971679762752476,0.040283202372475235,0,1,64.23969264967144,7.814931120775069,7.575029998072764,59.1343557633846,14.2772969252654,1,0,0,1
133,2.66,a1_demo_run_001,Unitree A1,0.32719897697002065,0.32791949535072906,-0.01281948452452595,-0.020566687530125312,0.005233704120848203,0.25,0.17519670115458974,0.07480329884541026,0,1,61.14226897586657,7.164900964222351,6.874413620805333,60.079240251090695,14.36189803953668,1,0,0,1
134,2.68,a1_demo_run_001,Unitree A1,0.33118247400745393,0.32849054587069376,-0.012538595405660841,-0.021810643041125753,0.0053051285276718,0.25,0.19917485187166437,0.050825148128335634,0,1,61.69609793031164,5.826350145078301,8.19848688516678,58.66074172843468,14.720682070870081,1,0,0,1
135,2.7,a1_demo_run_001,Unitree A1,0.3351116860279244,0.3300833334035999,-0.013885029612580516,-0.0215927963545939,0.00537686667964984,0.25,0.1964606010235224,0.05353939897647761,0,1,62.29873215813259,8.041763967072352,6.689938285454699,61.49773639675143,14.67328026639252,1,0,0,1
136,2.72,a1_demo_run_001,Unitree A1,0.33913189944834216,0.32287448745745734,-0.012262863701727812,-0.021770940684156328,0.00544891391144539,0.25,0.20101067102088824,0.04898932897911176,0,1,58.76325379820037,8.184358111097618,7.797228310844653,60.16635978588997,14.46883757674404,1,0,0,1
137,2.74,a1_demo_run_001,Unitree A1,0.34322340164172405,0.33208425404177944,-0.017860286439225125,-0.023293179995350778,0.005521265533520592,0.25,0.204575109669095,0.04542489033090499,1,0,61.22207256955948,8.318608884302979,10.468960324328147,60.232769670265185,11.691222362234829,1,0,0,1
138,2.7600000000000002,a1_demo_run_001,Unitree A1,0.3471605513666684,0.324324418932702,-0.012668661762999266,-0.02317460988609469,0.005593916832357515,0.25,0.19685748624721902,0.05314251375278098,1,0,60.06906752777875,5.34758870799576,6.26253081768035,58.43056335518237,11.551230834201867,1,0,0,1
139,2.7800000000000002,a1_demo_run_001,Unitree A1,0.3512372130255331,0.33310800857021133,-0.012057686778246578,-0.020765299965660608,0.005666863070680184,0.25,0.20383308294323557,0.04616691705676443,1,0,63.28269509807732,7.873513697630675,7.198885149696814,59.62754203576544,11.595445364802647,1,0,0,1
140,2.8000000000000003,a1_demo_run_001,Unitree A1,0.35529059300691435,0.3281541369137003,-0.014160851849403452,-0.022410481284334656,0.005740099487677802,0.25,0.20266899906906236,0.047331000930937644,1,0,60.65475972350775,8.952637669582199,5.848760942353708,60.1125213197224,11.725864491526783,1,0,0,1
141,2.82,a1_demo_run_001,Unitree A1,0.3595838290703207,0.32967740792002703,-0.0165574349863934,-0.02172714025534924,0.005813621299229131,0.25,0.21466180317031835,0.035338196829681645,1,0,62.15147352081551,5.542257996813982,6.160954008744949,60.181397943054634,11.556837789594303,1,0,0,1
142,2.84,a1_demo_run_001,Unitree A1,0.36302403328275207,0.32750774859947684,-0.018906259984784134,-0.021944768406698973,0.005887423698128051,0.25,0.1720102106215664,0.0779897893784336,1,0,61.13724105002525,8.876848938112131,7.377616221495175,61.61643450274331,11.304177827378005,1,0,0,1
143,2.86,a1_demo_run_001,Unitree A1,0.3669753819489189,0.32534385200811927,-0.016070066455736474,-0.023070549375737184,0.005961501854310262,0.25,0.19756743330834053,0.052432566691659466,1,0,62.22597068558411,5.359173036180209,6.5372044755031355,59.42588026875786,10.961107261153638,1,0,0,1
144,2.88,a1_demo_run_001,Unitree A1,0.37099375727616507,0.3229397826379693,-0.013604741781573088,-0.024848333089883275,0.006035850915081128,0.25,0.20091876636231096,0.04908123363768904,1,0,61.55442871562267,6.857843910218606,7.62231941244337,59.948275318724306,10.960270973874538,1,0,0,1
145,2.9,a1_demo_run_001,Unitree A1,0.3746880302112723,0.32446114538238396,-0.016032507824881408,-0.018405381176279625,0.006110466005344657,0.25,0.18471364675535948,0.06528635324464052,1,0,61.12111785054965,7.463335533350326,9.717503805315191,59.013223903712024,11.34507583554421,1,0,0,1
146,2.92,a1_demo_run_001,Unitree A1,0.3790335139775161,0.3282782508023229,-0.017697775519873907,-0.02531446666336956,0.006185342227833616,0.25,0.21727418831219067,0.03272581168780933,1,0,60.10950511754021,9.458286894641024,5.434031951165683,60.05734443325756,11.292410672075386,1,0,0,1
147,2.94,a1_demo_run_001,Unitree A1,0.3831899904185335,0.32475723539065654,-0.01504507930496413,-0.023996671990853775,0.006260474663340751,0.25,0.20782382205087105,0.04217617794912895,1,0,61.47052712180663,7.688632113049011,9.606749904175315,59.00585426999448,11.122557111952469,1,0,0,1
148,2.96,a1_demo_run_001,Unitree A1,0.3868383849888422,0.3254398175836403,-0.016226368106309237,-0.025360891772809615,0.006335858370951105,0.25,0.18241972851543412,0.06758027148456588,1,0,60.13328868273528,9.005826301139217,7.848073929590214,59.099221415352446,11.62421231434273,1,0,0,1
149,2.98,a1_demo_run_001,Unitree A1,0.390831138877599,0.32504618344303826,-0.01839888133817021,-0.021164771472558682,0.00641148838827545,0.25,0.19963769443784068,0.050362305562159315,1,0,61.85856412492378,7.33326987513629,7.6285374508957915,61.858401609182245,11.167163085234284,1,0,0,1
150,3.0,a1_demo_run_001,Unitree A1,0.39506122551119316,0.32310268903719436,-0.01878942755532595,-0.01821901284751284,0.006487359731684799,0.25,0.2115043316797071,0.038495668320292886,1,0,60.764789884598144,8.38218267107014,7.382020646077981,60.88635877184953,11.21207939416305,1,0,0,1
151,3.02,a1_demo_run_001,Unitree A1,0.39916244319801725,0.32370775039526006,-0.015545322673475543,-0.017842981879862996,0.0065634673965459835,0.25,0.20506088434120306,0.044939115658796935,1,0,61.317723514040075,9.47586079823955,8.189220769993794,57.37567074805818,10.94658703532662,1,0,0,1
152,3.04,a1_demo_run_001,Unitree A1,0.4030749608417118,0.328486071383322,-0.014922502972380848,-0.024885115359757154,0.006639806357458308,0.25,0.19562588218472832,0.05437411781527168,1,0,59.74889497189123,10.125275848833688,6.145418024691615,57.41005614581478,10.990633931807507,1,0,0,1
153,3.06,a1_demo_run_001,Unitree A1,0.4073115514861772,0.3282927948939133,-0.017137047727410305,-0.022848738662818772,0.006716371568491264,0.25,0.21182953222326958,0.038170467776730416,1,0,60.915769690601685,9.227301970039736,5.876161226484346,59.686594015427254,11.037422423116384,1,0,0,1
154,3.08,a1_demo_run_001,Unitree A1,0.41148969562839005,0.33157294487531513,-0.01486642068179178,-0.023602808068979256,0.006793157963423288,0.25,0.20890720711064115,0.04109279288935885,1,0,58.168251104867906,5.695055799696354,5.783441800433446,57.24622397494185,11.002455746638875,1,0,0,1
155,3.1,a1_demo_run_001,Unitree A1,0.4153885320284101,0.3220260004812277,-0.017438509104162368,-0.021548505719767984,0.006870160455981542,0.25,0.19494182000100263,0.05505817999899737,1,0,57.32093945356841,8.967143746488485,6.650267576168213,58.11865970875797,10.957236286344996,1,0,0,1
156,3.12,a1_demo_run_001,Unitree A1,0.4194574725570831,0.3213165685502733,-0.016409444543479774,-0.02327260642664684,0.0069473739400827475,0.25,0.20344702643364962,0.04655297356635038,1,0,60.722928581951855,9.594778907543997,7.139758475317974,59.64856916732153,10.929848180160008,1,0,0,1
157,3.14,a1_demo_run_001,Unitree A1,0.42389196308854893,0.3242682639704631,-0.020382228952045695,-0.024275620826278037,0.0070247932900750175,0.25,0.2217245265732927,0.028275473426707304,1,0,61.65414433133347,10.548956337444778,8.619204672791515,56.8179351799202,11.036473433847064,1,0,0,1
158,3.16,a1_demo_run_001,Unitree A1,0.42830746192829017,0.3200114215488073,-0.019109968713958876,-0.018947965535760412,0.007102413360980702,0.25,0.22077494198706213,0.02922505801293787,1,0,61.483767613807316,7.1110867889242195,5.7775117576751045,59.26163558069681,10.802422237429823,1,0,0,1
159,3.18,a1_demo_run_001,Unitree A1,0.4322299551599319,0.32441154148844115,-0.021118379459996485,-0.024693142334916755,0.007180228988740227,0.25,0.1961246615820855,0.0538753384179145,1,0,59.70749156328756,12.132937066468717,4.9078318318318495,57.912639942329825,10.999213422440215,1,0,0,1
160,3.2,a1_demo_run_001,Unitree A1,0.4362356041116229,0.3275706718194976,-0.019133411231079697,-0.01841322147053109,0.007258234990456926,0.25,0.20028244758454755,0.04971755241545245,1,0,57.4343504692436,8.423915787888138,7.54462381249361,58.2236244064214,10.632078454016831,1,0,0,1
161,3.22,a1_demo_run_001,Unitree A1,0.4407248044335467,0.324130466509577,-0.020365861097237693,-0.022502414908681552,0.007336426164642841,0.25,0.2244600160961929,0.0255399839038071,1,0,58.13890156402436,9.545888252247712,4.563116977820391,57.18446455068774,10.547149436803002,1,0,0,1
162,3.24,a1_demo_run_001,Unitree A1,0.4450306302922443,0.3221400698063349,-0.014621260030861359,-0.019979609902166916,0.007414797291465494,0.25,0.21529129293488075,0.03470870706511925,1,0,61.212286512518745,7.10514344941048,8.30815649965276,58.23116234666294,11.153417448259242,1,0,0,1
163,3.2600000000000002,a1_demo_run_001,Unitree A1,0.4492171649354544,0.3180279888364291,-0.017717828475376715,-0.020525048240007088,0.007493343132995616,0.25,0.20932673216050215,0.040673267839497845,1,0,58.81738390402181,6.399526877600453,5.747536094035287,58.73915249303916,10.878800490417573,1,0,0,1
164,3.2800000000000002,a1_demo_run_001,Unitree A1,0.45332569557222524,0.32253002971702327,-0.01545319243119022,-0.017241207974382756,0.007572058433455814,0.25,0.2054265318385437,0.0445734681614563,1,0,58.20945169767883,5.7857926876225925,6.19445406473462,57.05892490125931,10.694733415707974,1,0,0,1
165,3.3000000000000003,a1_demo_run_001,Unitree A1,0.4575598960926581,0.31977557638905985,-0.018359540618454726,-0.01875335731904198,0.007650937919470184,0.25,0.21171002602164476,0.038289973978355235,1,0,57.3542211242326,8.181758978128794,7.821844581525094,57.71547728498583,10.549994770420799,1,0,0,1
166,3.3200000000000003,a1_demo_run_001,Unitree A1,0.46197013711178586,0.32321067233173933,-0.015941993867647095,-0.021200794260028695,0.007729976300314845,0.25,0.2205120509563862,0.029487949043613793,1,0,58.99962432247453,8.543500856524753,9.381861639893641,56.36459414664691,10.163211970294512,1,0,0,1
167,3.34,a1_demo_run_001,Unitree A1,0.46562414586423584,0.32255768695989745,-0.02037987262914317,-0.022466802267574457,0.0078091682681693765,0.25,0.18270043762249769,0.06729956237750231,1,0,57.74450050494289,10.011843145221821,5.6176031851714585,58.479920828616365,10.623111115028536,1,0,0,1
168,3.36,a1_demo_run_001,Unitree A1,0.47003204289954037,0.31632879796301755,-0.016026064274963756,-0.01553572107964275,0.007888508498369178,0.25,0.22039485176522747,0.029605148234772533,1,0,56.080932042317116,8.856680663465008,6.991725296644953,55.578825142141994,9.821321826511866,1,0,0,1
169,3.38,a1_demo_run_001,Unitree A1,0.47403037212186677,0.31821269958536963,-0.017968155377837903,-0.01743789346341584,0.007967991649658713,0.25,0.19991646111631936,0.05008353888368064,1,0,58.8573252713471,7.725605237868068,7.627063746040472,56.60951355964166,10.39813468181828,1,0,0,1
170,3.4,a1_demo_run_001,Unitree A1,0.47794152841011805,0.31905428152617155,-0.015687171352181995,-0.017341692998531347,0.008047612364445627,0.25,0.19555781441256392,0.054442185587436076,1,0,7.900480812279715,60.47965312539438,57.454823501573316,5.557851871057847,10.079292911228192,0,1,1,0
171,3.42,a1_demo_run_001,Unitree A1,0.48201009392344263,0.32195211635682747,-0.01636023267913314,-0.02091863601850655,0.008127365269055765,0.25,0.20342827566622856,0.046571724333771436,1,0,7.255478403844144,58.81176900697676,58.17721391332062,5.557543626730849,10.019047125594954,0,1,1,0
172,3.44,a1_demo_run_001,Unitree A1,0.48598275887122,0.32321316434210823,-0.021953810329052834,-0.017356068758780187,0.008207244973989008,0.25,0.19863324738886995,0.05136675261113005,1,0,8.312442318219178,58.16581137758797,57.726954272631595,7.557394204497205,10.110989092215787,0,1,1,0
173,3.46,a1_demo_run_001,Unitree A1,0.48997970262252005,0.31776825854346286,-0.012775507843221349,-0.018763790082797018,0.008287246074176014,0.25,0.19984718756500142,0.050152812434998584,1,0,6.110862887182487,57.39999128346889,56.21456193074502,8.638949885077375,10.024097134644293,0,1,1,0
174,3.48,a1_demo_run_001,Unitree A1,0.49422869951074394,0.3193480300853719,-0.018825213925207186,-0.018988550280183453,0.008367363149235743,0.25,0.2124498444111939,0.03755015558880609,1,0,8.12635920474584,56.11038215845211,55.34310234246576,7.667986739846874,10.276735919923494,0,1,1,0
175,3.5,a1_demo_run_001,Unitree A1,0.4983713832362866,0.3217900455945802,-0.01916739098341034,-0.01568558173438079,0.008447590763733857,0.25,0.20713418627713234,0.04286581372286766,1,0,6.707625050436751,59.89945951393116,54.8630615637149,7.984291233663112,9.863047819880912,0,1,1,0
176,3.52,a1_demo_run_001,Unitree A1,0.5028502847690783,0.316390627849215,-0.019799489207665045,-0.014429499912194364,0.008527923467441917,0.25,0.22394507663958546,0.02605492336041454,1,0,8.402270276564359,58.04413936908578,56.07326707323944,6.007074429772632,10.18803463551047,0,1,1,0
177,3.54,a1_demo_run_001,Unitree A1,0.5067419104105707,0.31794560985328296,-0.016705880147200976,-0.020060898108913754,0.008608355795597386,0.25,0.1945812820746197,0.055418717925380306,1,0,7.7858607633097785,55.53588142087347,57.81326494524933,8.062291691180372,9.85736325810191,0,1,1,0
178,3.56,a1_demo_run_001,Unitree A1,0.5111849821260651,0.31821418790813155,-0.018640762488747582,-0.014574942855721503,0.008688882269164443,0.25,0.22215358577472222,0.027846414225277782,1,0,6.157732939981655,57.892078141139656,56.45556175406758,8.115232324627854,9.86828263027547,0,1,1,0
179,3.58,a1_demo_run_001,Unitree A1,0.5151642525524258,0.31806570223310165,-0.01724541980719008,-0.01702255743378459,0.008769497395095565,0.25,0.19896352131803546,0.05103647868196454,1,0,7.709699394684297,59.010784523904036,53.637476614485934,6.6118927286043565,9.823194223207544,0,1,1,0
180,3.6,a1_demo_run_001,Unitree A1,0.5194687937981661,0.3232813616369661,-0.015042671881332985,-0.015112790277440676,0.008850195666593905,0.25,0.2152270622870162,0.03477293771298379,1,0,8.669557930170555,59.278540498813115,54.81216207391244,7.730310912371496,10.112807108754719,0,1,1,0
181,3.62,a1_demo_run_001,Unitree A1,0.5236614971439355,0.3201940844157023,-0.016069063254392696,-0.01571622538982875,0.008930971563376413,0.25,0.2096351672884684,0.0403648327115316,1,0,7.462511679056742,56.0861074392274,54.80117750447448,7.711686620396085,10.720619807335837,0,1,1,0
182,3.64,a1_demo_run_001,Unitree A1,0.5281570911874737,0.31547415429302655,-0.015830280193798493,-0.012162357364676931,0.009011819551937729,0.25,0.2247797021769104,0.0252202978230896,1,0,8.952624775722885,54.85466408560014,53.657867847589664,8.516063932583407,10.099212263628955,0,1,1,0
183,3.66,a1_demo_run_001,Unitree A1,0.5321388745596127,0.3228427201613223,-0.01486897183754984,-0.015792093606114402,0.009092734085814807,0.25,0.19908916860695428,0.050910831393045725,1,0,6.614866087196166,57.40502246632288,54.26716590566363,5.260207433589169,9.754312326673935,0,1,1,0
184,3.68,a1_demo_run_001,Unitree A1,0.5364404716473204,0.3186544959747782,-0.017915355242726787,-0.008798882398360434,0.009173709605852268,0.25,0.21507985438538862,0.034920145614611375,1,0,7.986991679245107,58.60854010977765,54.38266652002933,6.172490578103737,9.656681632309043,0,1,1,0
185,3.7,a1_demo_run_001,Unitree A1,0.5410943661163709,0.31865913084383085,-0.012976412872464095,-0.011190724168685369,0.009254740540468492,0.25,0.23269472345252276,0.01730527654747724,1,0,9.80278101962239,53.490796300000824,51.184718227459875,6.855681699538726,9.600113815362416,0,1,1,0
186,3.72,a1_demo_run_001,Unitree A1,0.5456856713003816,0.32256801366569304,-0.00997141062103787,-0.013721475489217282,0.00933582130592239,0.25,0.22956525920053622,0.02043474079946378,1,0,8.24692156947102,56.39465740136647,55.23461275177172,7.715950701054131,10.05354680464872,0,1,1,0
187,3.74,a1_demo_run_001,Unitree A1,0.5499192885053844,0.31889569809368185,-0.015875265860135133,-0.016374022061358788,0.009416946306580888,0.25,0.21168086025014257,0.03831913974985743,1,0,8.829626748101168,56.66675095326101,53.70778238373349,7.927050000395529,9.698310473670121,0,1,1,0
188,3.7600000000000002,a1_demo_run_001,Unitree A1,0.5543996992819754,0.3166456508923763,-0.011748757917594235,-0.010355589063757008,0.009498109935187123,0.25,0.22402053882954873,0.025979461170451273,1,0,10.467744847294012,56.7825041633107,50.876345337473566,6.673064069959344,9.900236081772434,0,1,1,0
189,3.7800000000000002,a1_demo_run_001,Unitree A1,0.5589592689928244,0.3164573589260778,-0.011356030804066653,-0.009714403010639285,0.009579306573129253,0.25,0.22797848554245348,0.02202151445754652,1,0,8.092100599463024,55.325940081547486,53.93217253840366,6.3737061328831235,9.373683016856406,0,1,1,0
190,3.8000000000000003,a1_demo_run_001,Unitree A1,0.5633894009909896,0.3181743646727711,-0.009663630516340928,-0.018272232415024396,0.009660530590710002,0.25,0.22150659990825725,0.028493400091742754,1,0,6.0639860359365,55.66191605552842,53.75148841528148,8.429953329628274,10.043107715649814,0,1,1,0
191,3.8200000000000003,a1_demo_run_001,Unitree A1,0.567985201555125,0.320428072113473,-0.01436006629800666,-0.01051351072016403,0.0097417763474168,0.25,0.22979002820677072,0.02020997179322928,1,0,7.601479741971117,57.24777049291139,54.48830019121617,7.966031053415995,9.488937411133337,0,1,1,0
192,3.84,a1_demo_run_001,Unitree A1,0.5725372216258525,0.3202365792140973,-0.008592233369546556,-0.010439355742240747,0.009823038192192608,0.25,0.2276010035363766,0.022398996463623394,1,0,6.944881242085744,58.176236808276144,54.50771020011738,5.079600638513778,9.325765702219769,0,1,1,0
193,3.86,a1_demo_run_001,Unitree A1,0.5763287442234519,0.31732179155663914,-0.009333756455513697,-0.006556560959512344,0.009904310463707329,0.25,0.18957612987997077,0.06042387012002923,1,0,7.713239297495997,55.66725514255835,52.05190441958544,7.609288617059997,9.612842338722682,0,1,1,0
194,3.88,a1_demo_run_001,Unitree A1,0.5808043796177587,0.31489454223376684,-0.013761483298688836,-0.006340935257771627,0.009985587490629888,0.25,0.22378176971533398,0.026218230284666022,1,0,7.323799675032398,56.129701354794825,53.891952341332285,8.200422598103746,9.25007589111477,0,1,1,0
195,3.9,a1_demo_run_001,Unitree A1,0.5859743852477742,0.31986988052972176,-0.01162413611129575,-0.013284716528081832,0.010066863591900878,0.25,0.25850028150078136,0.00850028150078136,1,0,7.395095379141035,55.8152882519029,51.682571955037034,11.001020510172197,9.273893263611969,0,1,1,0
196,3.92,a1_demo_run_001,Unitree A1,0.5902179833248291,0.3137610572623297,-0.009402123015799528,-0.009058517542558368,0.010148133077005825,0.25,0.21217990385274635,0.03782009614725365,1,0,7.751194499793035,55.38973833221257,54.89214644387947,8.311984621721638,9.813820554411212,0,1,1,0
197,3.94,a1_demo_run_001,Unitree A1,0.5944801404555339,0.316960222715662,-0.008508012268707059,-0.008779202642084625,0.010229390246249026,0.25,0.21310785653524097,0.036892143464759025,1,0,10.235792773006075,54.56567547770297,53.81785463336755,8.752991438381375,9.669490941502914,0,1,1,0
198,3.96,a1_demo_run_001,Unitree A1,0.5988281311710763,0.3194858844148926,-0.008931806315361973,-0.006188452664656719,0.01031062939102796,0.25,0.21739953577711843,0.03260046422288157,1,0,8.245009439541287,55.806898179183044,53.51620395825994,6.989780953592692,9.007283855734462,0,1,1,0
199,3.98,a1_demo_run_001,Unitree A1,0.602978895192362,0.31481634747005055,-0.010630306980771947,-0.013304232288208116,0.01039184479410828,0.25,0.20753820106429133,0.04246179893570867,1,0,6.665018384343686,54.63762829363507,52.28324390382779,7.647340274023571,9.706344682886586,0,1,1,0
200,4.0,a1_demo_run_001,Unitree A1,0.6072427407343555,0.31694908382435966,-0.006145893490901443,-0.008778499605856256,0.010473030729899323,0.25,0.21319227709967073,0.03680772290032927,1,0,9.830601388349578,59.459181870926805,50.462693346869294,7.37760184481093,9.512537093239438,0,1,1,0
201,4.0200000000000005,a1_demo_run_001,Unitree A1,0.611561694724749,0.31494954689147636,-0.0036055483298954565,-0.00813946375075597,0.010554181464730193,0.25,0.21594769951967424,0.03405230048032576,1,0,10.134681120688764,57.34072862292093,53.95009466770674,7.907438649953845,9.458748589164028,0,1,1,0
202,4.04,a1_demo_run_001,Unitree A1,0.6163806569679642,0.31517976481622684,-0.008788694953898599,-0.013587092664265946,0.01063529125712633,0.25,0.24094811216076106,0.009051887839238937,1,0,8.073336890758483,59.19006136566817,54.704897154883525,7.9096082698156005,9.759510411238743,0,1,1,0
203,4.0600000000000005,a1_demo_run_001,Unitree A1,0.6206699733408841,0.3157777123835636,-0.009813191288573237,-0.005175552546292145,0.010716354358086646,0.25,0.21446581864599948,0.03553418135400052,1,0,7.15220553372399,56.24146596122603,53.79376664273047,6.876250271906615,8.74193860402495,0,1,1,0
204,4.08,a1_demo_run_001,Unitree A1,0.6251531272899999,0.31847001477520576,-0.004012341672000493,-0.006121895268412493,0.010797365011361106,0.25,0.22415769745578926,0.025842302544210743,1,0,10.27250101619192,55.32754649764231,51.037013726860216,7.90051785926915,9.231220281725525,0,1,1,0
205,4.1,a1_demo_run_001,Unitree A1,0.629456638618706,0.3151377960515816,-0.002930835710807194,-0.0044730206774367745,0.010878317453728852,0.25,0.21517556643530494,0.034824433564695056,1,0,8.856901641332417,56.26745581651613,51.85032872227687,6.384302627893415,8.902902792110309,0,1,1,0
206,4.12,a1_demo_run_001,Unitree A1,0.6335872390262259,0.3151118854192636,-0.005004010312916727,-0.0034099570417065288,0.01095920591527678,0.25,0.20653002037599624,0.04346997962400376,1,0,9.353775690464834,55.894101903948105,55.59516410854398,7.657399206045518,9.714273837817034,0,1,1,0
207,4.14,a1_demo_run_001,Unitree A1,0.6377832036952769,0.3203388256657589,-0.0019094571921048874,-0.005767466648135566,0.011040024619678589,0.25,0.20979823345254664,0.04020176654745336,1,0,8.195623885163343,56.92545293155099,52.636010846405256,7.2099227219379225,9.314921529032624,0,1,1,0
208,4.16,a1_demo_run_001,Unitree A1,0.6418714171561684,0.32009225216791604,-0.0022044372191674906,-0.006383236519931007,0.011120767784474298,0.25,0.2044106730445743,0.045589326955425696,1,0,6.600901190992261,54.62840176883525,51.12535780847512,5.904438048721884,8.736317301903998,0,1,1,0
209,4.18,a1_demo_run_001,Unitree A1,0.6465517707282239,0.31916693251201356,0.0007890328191502058,-0.004170096029165458,0.01120142962135019,0.25,0.23401767860277722,0.015982321397222776,1,0,10.440350820680877,57.01024092277727,54.79289952044862,7.930842050907527,9.329327400031348,0,1,1,0
210,4.2,a1_demo_run_001,Unitree A1,0.65085023820246,0.31625448944541557,0.0002215992159681152,-0.0027502090536857694,0.0112820043364192,0.25,0.21492337371180747,0.035076626288192525,1,0,7.936792611774505,56.227685563892194,54.04391670483579,8.35267022206853,8.863342183824832,0,1,1,0
211,4.22,a1_demo_run_001,Unitree A1,0.654862757919826,0.31641379908945,-0.0017072958064857833,-0.0038440066470251015,0.011362486130501726,0.25,0.20062598586829428,0.049374014131705724,1,0,8.653739578104556,54.139545940993635,51.28367845696813,6.664298300936562,9.084770387824543,0,1,1,0
212,4.24,a1_demo_run_001,Unitree A1,0.6592172602982121,0.31730343422605173,-4.356750191616455e-05,-0.004132946788319742,0.011442869199406855,0.25,0.21772511891931234,0.032274881080687656,1,0,5.55235516403736,52.967897071888814,51.842025606141355,7.8010209577157585,8.794290420327972,0,1,1,0
213,4.26,a1_demo_run_001,Unitree A1,0.6640652902305064,0.31642152670422397,-0.002424278415450308,-0.0056300448536800605,0.01152314773421397,0.25,0.24240149661471197,0.00759850338528803,1,0,7.364026043438894,54.00386023933079,53.76099287754858,7.350766763209736,9.482323634130605,0,1,1,0
214,4.28,a1_demo_run_001,Unitree A1,0.6684883805978966,0.31651217054393194,0.0016222764146967713,-0.0029482612856959415,0.011603315921554738,0.25,0.2211545183695103,0.028845481630489694,1,0,7.512784841928198,54.1099424219485,52.46056382741569,4.831360149166011,8.969915059803716,0,1,1,0
215,4.3,a1_demo_run_001,Unitree A1,0.672840678678737,0.31893727422113377,-0.0002219616502293476,0.003051807398760781,0.011683367943895523,0.25,0.2176149040420204,0.03238509595797959,1,0,8.8887011876907,52.82190009346219,52.00303652035193,7.153466687463306,8.769138258787224,0,1,1,0
216,4.32,a1_demo_run_001,Unitree A1,0.6772700717232845,0.321400671944512,0.0036232568231619636,0.0036857847412531345,0.011763297979820085,0.25,0.22146965222737441,0.028530347772625586,1,0,9.147732523663663,52.04855065399588,50.48480402226219,6.301695933067504,9.118128452332892,0,1,1,0
217,4.34,a1_demo_run_001,Unitree A1,0.681539721803153,0.31702972274294616,0.0010451240575130895,0.0014377440880685428,0.011843100204312706,0.25,0.21348250399342877,0.036517496006571226,1,0,7.085393311189272,54.84967070211311,51.91551067753887,7.3970447717964305,8.961108072727903,0,1,1,0
218,4.36,a1_demo_run_001,Unitree A1,0.6856568462976181,0.31558334027080254,-0.0005867692684970926,0.0011659052746718064,0.011922768789041575,0.25,0.20585622472325477,0.044143775276745234,1,0,4.9942898294845115,56.46270059936907,49.941894941917425,6.898228104204931,8.92420329314317,0,1,1,0
219,4.38,a1_demo_run_001,Unitree A1,0.6903318732472629,0.3170123376835119,0.0049394083707175445,-0.0012051413672911156,0.012002297902642584,0.25,0.23375134748223567,0.016248652517764334,1,0,8.441238537769454,55.388105699049156,50.84461122972813,5.04781853363217,8.89145227328533,0,1,1,0
220,4.4,a1_demo_run_001,Unitree A1,0.6939050605977065,0.3157233793739068,0.004047097577729396,-0.0010188006855312405,0.012081681711003368,0.25,0.17865936752218115,0.07134063247781885,1,0,7.566199410593121,54.65729102546522,54.129179719614015,7.16801695903368,8.604385464336964,0,1,1,0
221,4.42,a1_demo_run_001,Unitree A1,0.6981425999829654,0.31427334404023016,0.005435507218809209,-9.31591411040514e-05,0.012160914377547677,0.25,0.21187696926294078,0.03812303073705922,1,0,9.492050325286058,52.55992048492865,48.50721166310586,5.788941399925267,8.73829808091015,0,1,1,0
222,4.44,a1_demo_run_001,Unitree A1,0.7022927623971985,0.31674543730697996,0.00727450795533769,-0.00048697929923651384,0.012239990063520055,0.25,0.20750812071165775,0.04249187928834225,1,0,6.905486257353106,52.72007468489723,52.397137534172295,7.076013056445884,9.208046857934242,0,1,1,0
223,4.46,a1_demo_run_001,Unitree A1,0.7066066829603084,0.3151048776902188,0.0032408749194669695,0.0017215004620388566,0.012318902928270764,0.25,0.215696028155494,0.03430397184450601,1,0,9.507092754931081,53.53643413447634,50.2893499299498,7.273865406405716,8.26641065711394,0,1,1,0
224,4.48,a1_demo_run_001,Unitree A1,0.7107948146100873,0.31913144078562344,0.004050114693487987,0.003738184378218695,0.012397647129540992,0.25,0.2094065824889493,0.040593417511050695,1,0,6.3731401543316935,54.303991489610645,51.25936972705926,7.010092268516771,8.747027078036462,0,1,1,0
225,4.5,a1_demo_run_001,Unitree A1,0.7154295027913675,0.31699576651162453,0.006054845624157686,0.0013161380288746714,0.012476216823748316,0.25,0.2317344090640104,0.01826559093598959,1,0,6.854408523031521,52.78169098877328,51.6839075905407,8.602342340225874,8.850733003636497,0,1,1,0
226,4.5200000000000005,a1_demo_run_001,Unitree A1,0.7201682752175482,0.316729046263584,0.0044377521389072135,0.005324490613078651,0.012554606166272414,0.25,0.23693862130903362,0.01306137869096638,1,0,7.731396588088698,53.80861180221963,52.052638828994255,7.091953455853113,9.25218907975282,0,1,1,0
227,4.54,a1_demo_run_001,Unitree A1,0.7245700535661531,0.31464965009520984,0.002982657187667356,0.005097668469966114,0.012632809311740977,0.25,0.22008891743024206,0.02991108256975794,1,0,53.78246939292471,9.286671288154105,8.139790210513032,53.20640113980794,8.96919973689575,1,0,0,1
228,4.5600000000000005,a1_demo_run_001,Unitree A1,0.7286337616830331,0.31873804224255026,0.007947432872955403,0.005846329520471346,0.012710820414315871,0.25,0.20318540584399566,0.046814594156004335,1,0,55.06528685045647,8.962690735451922,6.1436865177378355,53.99974141889938,8.769306097291445,1,0,0,1
229,4.58,a1_demo_run_001,Unitree A1,0.7328233800008427,0.3193040022935785,0.009760377731475926,0.00875093369693221,0.012788633627979513,0.25,0.20948091589048176,0.04051908410951824,1,0,53.946635342645365,6.753932398261243,6.316864599372948,53.9160233252569,9.14687318371969,1,0,0,1
230,4.6000000000000005,a1_demo_run_001,Unitree A1,0.7371030496902411,0.31741926422014916,0.007108221928651469,0.0076236609145881,0.01286624310682138,0.25,0.21398348446991822,0.03601651553008178,1,0,51.117912859584656,7.056817421649415,7.04715730963884,54.86666004172708,8.977164279188518,1,0,0,1
231,4.62,a1_demo_run_001,Unitree A1,0.7412537639022431,0.3146634971623414,0.010750861520881113,0.0029332560155419306,0.012943643005324785,0.25,0.20753571060010087,0.04246428939989913,1,0,56.297258487209525,6.728266899581543,9.054563675720136,53.3814607231481,8.419159514030556,1,0,0,1
232,4.64,a1_demo_run_001,Unitree A1,0.745322206202575,0.31650214979516467,0.009975047728551843,0.007333889988775011,0.01302082747865376,0.25,0.2034221150166001,0.0465778849833999,1,0,52.53262170701318,7.640576382223185,6.145495676583501,50.17961568681389,8.884987291002489,1,0,0,1
233,4.66,a1_demo_run_001,Unitree A1,0.7501035534415115,0.3087683774938389,0.010959931449651999,0.0060170719082620495,0.013097790682940109,0.25,0.23906736194682165,0.010932638053178345,1,0,54.50552919188285,10.023280185267511,6.3723344398841695,52.059153816023716,8.617408007486178,1,0,0,1
234,4.68,a1_demo_run_001,Unitree A1,0.7546926197151774,0.3169965923862704,0.009496093968366296,0.007131427675268956,0.013174526775570634,0.25,0.22945331368329816,0.02054668631670184,1,0,54.02684059555595,9.284284621848716,7.930618884461631,50.11532601763708,8.773355322775412,1,0,0,1
235,4.7,a1_demo_run_001,Unitree A1,0.7588248817328792,0.31826115377221104,0.010562241734434874,0.006667615144362181,0.013251029915474468,0.25,0.20661310088508678,0.043386899114913224,1,0,53.33740577658331,8.848821409123751,8.781318112295555,53.30096500488688,8.821013117734639,1,0,0,1
236,4.72,a1_demo_run_001,Unitree A1,0.7629785336421665,0.312784439551346,0.01339806539104209,0.004435901457460288,0.013327294263410524,0.25,0.2076825954643672,0.04231740453563279,1,0,54.839482513952056,8.391053494471107,8.301367086498708,52.78524790152684,8.499389101785646,1,0,0,1
237,4.74,a1_demo_run_001,Unitree A1,0.7673568580989267,0.3171863024035424,0.014603155841577824,0.011954967139073132,0.013403313982255072,0.25,0.21891622283801,0.03108377716199001,1,0,53.94494155896402,8.829850156753412,7.070090749370454,50.45181450996658,8.975165237378103,1,0,0,1
238,4.76,a1_demo_run_001,Unitree A1,0.7715602369139611,0.31322595762823613,0.014894502652201996,0.007986634564810021,0.01347908323728942,0.25,0.21016894075172154,0.039831059248278455,1,0,52.81931593899061,8.082817650480452,7.092761924031032,51.3794388903004,8.877859580273638,1,0,0,1
239,4.78,a1_demo_run_001,Unitree A1,0.7760599736687749,0.3152537737253466,0.011283893943771864,0.01518831642584209,0.013554596196487632,0.25,0.22498683774068967,0.02501316225931033,1,0,50.98336688463513,9.220660442958831,7.3666712478253205,53.348753497701615,8.307460801093061,1,0,0,1
240,4.8,a1_demo_run_001,Unitree A1,0.7806110020472409,0.3148254296672109,0.012696073248749875,0.014364590078108355,0.013629847030804387,0.25,0.2275514189232973,0.022448581076702695,1,0,52.46840535347802,8.054598008687194,7.2396073607209654,52.71952103540809,8.226894879733713,1,0,0,1
241,4.82,a1_demo_run_001,Unitree A1,0.7849829010284767,0.3203004358825776,0.014271616734563551,0.00888839196144646,0.01370482991446284,0.25,0.21859494906179022,0.03140505093820978,1,0,52.34527848027513,7.42486854928776,7.010705670891541,51.629133006942126,8.19766269018392,1,0,0,1
242,4.84,a1_demo_run_001,Unitree A1,0.7891232690451974,0.31795916767899823,0.015752041452554513,0.006826071863397637,0.013779539025242565,0.25,0.2070184008360354,0.0429815991639646,1,0,53.310956250351616,10.844978953946269,8.210593528621109,49.86818988996605,8.256446827331649,1,0,0,1
243,4.86,a1_demo_run_001,Unitree A1,0.7934091898646771,0.31637175339865936,0.013503694507051292,0.013006184096834891,0.013853968544767505,0.25,0.21429604097399052,0.03570395902600948,1,0,52.37836563439608,7.791209287244603,9.599894355350319,53.00294018642649,8.729714779811921,1,0,0,1
244,4.88,a1_demo_run_001,Unitree A1,0.7973772839202808,0.3166741226415495,0.014906800907487795,0.012036689483014618,0.01392811265879399,0.25,0.19840470278018404,0.051595297219815955,1,0,51.96503153597882,8.327166615802971,6.881957177615377,52.40555630132623,7.956640912262967,1,0,0,1
245,4.9,a1_demo_run_001,Unitree A1,0.8016489364665266,0.3230279980008053,0.010900281431863088,0.017597667011966783,0.014001965557498712,0.25,0.21358262731228742,0.036417372687712585,1,0,50.7075247295014,8.504712103022284,6.614709836610997,51.02446834329002,8.532198635707786,1,0,0,1
246,4.92,a1_demo_run_001,Unitree A1,0.8064379255724947,0.31679157092190524,0.014082132633320341,0.013924381530350121,0.014075521435766744,0.25,0.23944945529840564,0.010550544701594361,1,0,51.498003386257004,9.359244681641743,7.307984728142565,50.02092911017665,8.544977807510675,1,0,0,1
247,4.94,a1_demo_run_001,Unitree A1,0.810662754632447,0.31776740485486193,0.01655402283278344,0.01391198410841109,0.014148774493479517,0.25,0.21124145299761038,0.03875854700238962,1,0,53.80034578987099,6.901037839352794,7.478382144386906,50.63098366207948,8.6345131030818,1,0,0,1
248,4.96,a1_demo_run_001,Unitree A1,0.8151815824356488,0.31076690323084466,0.016359036071120332,0.01157370128485175,0.014221718935802796,0.25,0.22594139016008774,0.02405860983991226,1,0,48.9634635553695,7.712174019660711,8.078412546472025,55.944623487805785,8.121963564630729,1,0,0,1
249,4.98,a1_demo_run_001,Unitree A1,0.8198256622788369,0.3201609274728998,0.019344485178710784,0.01488384669764409,0.014294348973474577,0.25,0.2322039921594077,0.017796007840592293,1,0,53.36273878905448,7.224275356036079,7.493423997101891,52.71053502140553,8.946363429533227,1,0,0,1
250,5.0,a1_demo_run_001,Unitree A1,0.8245654882433087,0.31754737734526794,0.013577441793658671,0.011153398061046567,0.014366658823092996,0.25,0.2369912982235894,0.013008701776410614,1,0,54.32063770607933,7.641180272065288,8.207726403512988,50.30445348638509,8.321043670498494,1,0,0,1
251,5.0200000000000005,a1_demo_run_001,Unitree A1,0.8286023054189294,0.31553337466672454,0.014276244665564899,0.012210819173784748,0.014438642707404116,0.25,0.20184085878103722,0.04815914121896278,1,0,53.47904021710598,8.337547254331776,5.149115044214841,51.13794633227136,8.201072071527026,1,0,0,1
252,5.04,a1_demo_run_001,Unitree A1,0.832907141415192,0.31652422818689285,0.013551965376779102,0.01663907436539446,0.014510294855589682,0.25,0.21524179981312558,0.03475820018687442,1,0,52.586401965951275,7.63566458788896,7.141128977401696,50.99186289684808,8.622719707780458,1,0,0,1
253,5.0600000000000005,a1_demo_run_001,Unitree A1,0.8371256437784707,0.31873593229557734,0.018870647976033272,0.012757865651449086,0.014581609503554752,0.25,0.2109251181639326,0.03907488183606739,1,0,51.53224720236199,7.146041130334702,8.283904017067657,53.82876930103807,8.234752178333855,1,0,0,1
254,5.08,a1_demo_run_001,Unitree A1,0.8418031966473992,0.31835023882004815,0.01569461623943638,0.017979192930842488,0.014652580894215277,0.25,0.23387764344642592,0.01612235655357408,1,0,53.476993330940545,7.638543829308126,8.498981723730257,52.29003351144695,8.764387544635989,1,0,0,1
255,5.1000000000000005,a1_demo_run_001,Unitree A1,0.8464151057765003,0.3151131399971382,0.015386392604467839,0.019795686212227395,0.0147232032777855,0.25,0.2305954564550537,0.019404543544946307,1,0,54.41152970481276,9.27342524625695,7.024953461498585,50.96346469436515,8.318345797495326,1,0,0,1
256,5.12,a1_demo_run_001,Unitree A1,0.8505127085007975,0.31814391977855383,0.016096989159796515,0.016642688305211224,0.014793470912065324,0.25,0.204880136214861,0.04511986378513899,1,0,51.349981886220526,7.842436186019577,7.950697218393055,51.82940091310419,8.45020577906364,1,0,0,1
257,5.14,a1_demo_run_001,Unitree A1,0.8547299231756154,0.31756540694813096,0.01731754076722141,0.01571105569610303,0.014863378062727459,0.25,0.21086073374088923,0.039139266259110767,1,0,53.22851817478649,9.883980020814246,8.501160782246785,50.3349313030057,8.198421266071888,1,0,0,1
258,5.16,a1_demo_run_001,Unitree A1,0.8591643264123546,0.3164955917563663,0.017604958752373792,0.020055434027984518,0.014932919003604455,0.25,0.22172016183696408,0.02827983816303592,1,0,51.7847441469556,7.183080919264133,9.572898028331673,54.52009162187195,8.56358595178234,1,0,0,1
259,5.18,a1_demo_run_001,Unitree A1,0.8640042074424916,0.3230436174422006,0.018772048520817288,0.019265420198107168,0.015002088016975595,0.25,0.24199405150685133,0.008005948493148674,1,0,51.96157581564523,5.811016579077876,6.155832247602495,52.51147169488497,8.336491445046308,1,0,0,1
260,5.2,a1_demo_run_001,Unitree A1,0.8682637763622512,0.3194050679479206,0.014821940412954425,0.01715227574998277,0.015070879393853587,0.25,0.21297844598797677,0.03702155401202323,1,0,53.177137542841706,8.414038049719425,7.982918353870044,52.07531731088437,8.42460788086228,1,0,0,1
261,5.22,a1_demo_run_001,Unitree A1,0.8729028256059936,0.3148436132305373,0.017670700948543578,0.019752109467087907,0.015139287434271072,0.25,0.2319524621871261,0.01804753781287391,1,0,53.62523463548234,9.496323810424538,6.105001704558816,51.95222053107294,7.947122405107491,1,0,0,1
262,5.24,a1_demo_run_001,Unitree A1,0.87704774238112,0.3186774676219445,0.017709282466382387,0.020388506821084493,0.015207306447566947,0.25,0.20724583875631786,0.04275416124368214,1,0,55.38501382200605,9.63368351965116,7.176995446287102,51.48382316617942,8.90502825502284,1,0,0,1
263,5.26,a1_demo_run_001,Unitree A1,0.8810988812565936,0.3185830700818648,0.013432413499829966,0.016527356475217005,0.015274930752672482,0.25,0.20255694377367747,0.04744305622632253,1,0,53.667312213157224,7.339281316797274,7.692860271012713,50.183193575932236,8.198503896913634,1,0,0,1
264,5.28,a1_demo_run_001,Unitree A1,0.8856383377571052,0.319803537099385,0.016060234230583094,0.01416462874984447,0.0153421546783972,0.25,0.2269728250255789,0.02302717497442111,1,0,52.127611081156076,10.247939955842032,6.062375260040683,51.22236112281495,7.920537494085262,1,0,0,1
265,5.3,a1_demo_run_001,Unitree A1,0.8897941908206911,0.317178847114084,0.018993974825446295,0.018801964284847733,0.015408972563714528,0.25,0.20779265317929468,0.042207346820705316,1,0,53.56105189045091,6.430090858230144,7.503256627307119,54.06699798295825,8.473473650684486,1,0,0,1
266,5.32,a1_demo_run_001,Unitree A1,0.8937615831012753,0.31451810231194033,0.0188540628695565,0.023581558279119064,0.015475378758047215,0.25,0.19836961402920966,0.05163038597079034,1,0,53.769172654091804,8.861389990045131,7.564252202323054,51.491799594393434,8.498187608064987,1,0,0,1
267,5.34,a1_demo_run_001,Unitree A1,0.8984011079342862,0.3165391891959657,0.016528313501281647,0.02429666080057257,0.015541367621552473,0.25,0.23197624165054267,0.018023758349457325,1,0,55.03277535851446,11.461813493601444,5.693611510332544,53.734934684596944,7.771488333763786,1,0,0,1
268,5.36,a1_demo_run_001,Unitree A1,0.9028856014825276,0.3241354397773075,0.017176791887564453,0.01773891519037795,0.015606933525406867,0.25,0.22422467741207147,0.02577532258792853,0,1,50.66960893754832,7.28075815708196,7.021115532330106,51.406876531256444,10.867818654056869,1,0,0,1
269,5.38,a1_demo_run_001,Unitree A1,0.9069164141354358,0.3259801175616485,0.01871732485818555,0.022698892144783427,0.015672070852090898,0.25,0.20154063264540706,0.04845936735459294,0,1,54.05078212293451,7.9938912982137955,6.502806153851951,52.014023450049415,10.726409136636157,1,0,0,1
270,5.4,a1_demo_run_001,Unitree A1,0.9114580776614343,0.31895317920543254,0.01362212715765906,0.024111743807090677,0.015736773995673314,0.25,0.2270831762999245,0.0229168237000755,0,1,53.2526425650993,7.042049476199555,5.979077453888621,50.004978895238885,11.146262159717091,1,0,0,1
271,5.42,a1_demo_run_001,Unitree A1,0.9158969480245033,0.31341183389827176,0.01939664175802807,0.01890750038383227,0.015801037362095108,0.25,0.22194351815344762,0.028056481846552378,0,1,51.67044851920621,6.816630257416865,5.4403849558986455,50.332559793052475,10.644144498548998,1,0,0,1
272,5.44,a1_demo_run_001,Unitree A1,0.9203648859521504,0.3174613728353583,0.02122763223401847,0.018057678360547398,0.015864855369453174,0.25,0.22339689638235743,0.026603103617642565,0,1,55.613634777711596,7.44034849237639,8.530067550394744,52.146840737767995,10.770673985264104,1,0,0,1
273,5.46,a1_demo_run_001,Unitree A1,0.9244432102044378,0.32087463032640057,0.017169551623850754,0.020919085090868622,0.015928222448283683,0.25,0.20391621261436982,0.04608378738563018,0,1,50.725403424774335,10.700666583290054,9.110555994735847,53.41024633950884,10.809662411385624,1,0,0,1
274,5.48,a1_demo_run_001,Unitree A1,0.9286756128819149,0.32315979147528995,0.018175804308182282,0.023443803648501717,0.015991133041845056,0.25,0.2116201338738571,0.038379866126142886,1,0,53.55820521263319,8.235588054036867,7.950294855758035,52.615289903316295,8.083933468463202,1,0,0,1
275,5.5,a1_demo_run_001,Unitree A1,0.9324957929137861,0.3220608294894829,0.019902492570387006,0.01921127139230796,0.01605358160640062,0.25,0.19100900159356238,0.05899099840643762,1,0,53.18160249916441,8.580627745189926,4.03267300570446,49.95839369139916,8.182436851015199,1,0,0,1
276,5.5200000000000005,a1_demo_run_001,Unitree A1,0.9363146130362454,0.3232370899696826,0.016445523791850276,0.02664517261662179,0.016115562611500888,0.25,0.19094100612296525,0.059058993877034754,1,0,53.139964554569985,7.684696923621422,9.006509638750764,50.69175754228645,8.051302399421456,1,0,0,1
277,5.54,a1_demo_run_001,Unitree A1,0.9408363687920491,0.32229407405649807,0.01859743458913464,0.0200991886461386,0.016177070540265442,0.25,0.22608778779018748,0.023912212209812517,1,0,52.68394842510055,9.903853687891354,5.200123378038297,51.09136739654686,8.002236013311345,1,0,0,1
278,5.5600000000000005,a1_demo_run_001,Unitree A1,0.9450517195474631,0.3209709651786199,0.01741905017389789,0.018610412706524464,0.01623809988966446,0.25,0.21076753777070217,0.039232462229297826,1,0,56.85418143345037,5.078164381479435,7.061679371193116,54.04119460371202,8.276288337418782,1,0,0,1
279,5.58,a1_demo_run_001,Unitree A1,0.949427820605101,0.32035122583499553,0.01822692833302259,0.02350541179971717,0.016298645170799788,0.25,0.2188050528818941,0.031194947118105887,1,0,51.885459864137424,7.91182781927529,7.16764231287113,53.74939068242875,7.901133179141406,1,0,0,1
280,5.6000000000000005,a1_demo_run_001,Unitree A1,0.9536991599420304,0.31882049038363414,0.016297968628326574,0.021556516524512622,0.01635870090918565,0.25,0.21356696684646564,0.036433033153534355,1,0,51.87907379463522,8.755068461001569,8.046156011339075,50.17754814123501,8.21444028319278,1,0,0,1
281,5.62,a1_demo_run_001,Unitree A1,0.9578966504369925,0.31665068267726104,0.018092444256076118,0.024656931261530027,0.016418261645028895,0.25,0.20987452474810625,0.04012547525189375,1,0,52.49978536294309,8.701363392040726,4.322167897516788,52.72819975523527,8.016982513648813,1,0,0,1
282,5.64,a1_demo_run_001,Unitree A1,0.9620965487148484,0.3192403951631747,0.017215965130698004,0.018831930372119544,0.01647732193350879,0.25,0.2099949138927968,0.040005086107203214,1,0,55.410609503673115,10.624901467738464,7.480684831475819,50.4570340443076,8.080216921085338,1,0,0,1
283,5.66,a1_demo_run_001,Unitree A1,0.9665360020129002,0.32065927822784995,0.01639280445539207,0.02057968369781334,0.016535876345056433,0.25,0.22197266490258968,0.028027335097410316,1,0,7.561442408393812,52.96989266283655,52.12714189409696,9.769813953406072,7.762104492088386,0,1,1,0
284,5.68,a1_demo_run_001,Unitree A1,0.9707987732789966,0.3237575558043979,0.01497886244286576,0.021734691317198428,0.016593919465633586,0.25,0.21313856330481581,0.036861436695184185,1,0,9.605679902096055,53.251471688816764,50.67109106838866,9.148745937149396,7.893978983982321,0,1,1,0
285,5.7,a1_demo_run_001,Unitree A1,0.9747490944136922,0.3174816848486749,0.017993822957217614,0.021024469738857278,0.016651445897011147,0.25,0.1975160567347805,0.05248394326521949,1,0,6.8999857367156405,55.56494194856798,50.71967052756816,5.746986175463481,7.967660084239119,0,1,1,0
286,5.72,a1_demo_run_001,Unitree A1,0.9793368722221962,0.3252298486591723,0.015318297318676215,0.02155659962701514,0.016708450257047053,0.25,0.22938889042520114,0.020611109574798864,1,0,10.157358364366704,55.270868486241824,53.044576347859625,9.442694979998425,8.042003893306195,0,1,1,0
287,5.74,a1_demo_run_001,Unitree A1,0.983988241580524,0.3184630467384772,0.016970592150144976,0.020197422118813233,0.016764927179963734,0.25,0.23256846791639074,0.017431532083609258,1,0,6.951370708465864,54.74942356039236,51.47323218329618,5.9104668930164275,7.339609455481545,0,1,1,0
288,5.76,a1_demo_run_001,Unitree A1,0.9884889121583939,0.3262091758779617,0.011936385398323637,0.02218859959010258,0.016820871316624998,0.25,0.22503352889349149,0.024966471106508514,1,0,6.726049341237987,55.167534272015196,48.87397084945734,8.57793567690359,8.414776956370213,0,1,1,0
289,5.78,a1_demo_run_001,Unitree A1,0.9931603210526972,0.32058356362349394,0.014217250970678105,0.024373241038536716,0.01687627733481245,0.25,0.23357044471516977,0.016429555284830227,1,0,8.090743659924856,53.028450416287946,50.78804316165565,7.517644417111893,8.286111639698676,0,1,1,0
290,5.8,a1_demo_run_001,Unitree A1,0.9975203292262843,0.3238298376173576,0.014535222252902246,0.023157604546276037,0.01693113991950136,0.25,0.218000408679355,0.031999591320645004,1,0,9.90106246086832,52.03984295347847,52.3882067324098,6.646841542415913,8.009712769844338,0,1,1,0
291,5.82,a1_demo_run_001,Unitree A1,1.0018408171616546,0.32243513966535564,0.01724720556421401,0.01890012401952796,0.016985453773135917,0.25,0.21602439676851715,0.033975603231482854,1,0,7.308022209147479,54.48972114811166,54.24535755636233,6.691972126973793,7.934776127542222,0,1,1,0
292,5.84,a1_demo_run_001,Unitree A1,1.006425808862875,0.32313813477978065,0.015161294100740564,0.022031268865446065,0.017039213615904044,0.25,0.22924958506102497,0.02075041493897503,1,0,7.727995130960727,53.87255537401767,52.11652092524364,7.394455484494548,8.000776201894878,0,1,1,0
293,5.86,a1_demo_run_001,Unitree A1,1.0108680408350035,0.3208881832395811,0.013767012395801975,0.021802906085339573,0.017092414186011526,0.25,0.22211159860642193,0.027888401393578066,1,0,4.402812168201029,53.48805761405454,54.22308553180981,9.699617104234976,7.753070422482424,0,1,1,0
294,5.88,a1_demo_run_001,Unitree A1,1.0148952660883992,0.324113114208445,0.011685848377987675,0.02221807455916138,0.017145050239955613,0.25,0.20136126266978713,0.04863873733021287,1,0,7.764961924044019,52.92422536907365,50.458098352048594,7.534551761121931,7.878769429191163,0,1,1,0
295,5.9,a1_demo_run_001,Unitree A1,1.0191645443341353,0.32272348651607213,0.01036768366813515,0.02304453933454905,0.017197116552798014,0.25,0.2134639122868045,0.0365360877131955,1,0,7.765628500765241,53.08189485059602,50.28727884917582,7.408659219261962,8.326787863867075,0,1,1,0
296,5.92,a1_demo_run_001,Unitree A1,1.0234962046890803,0.32537894971649467,0.01117060327970188,0.023334083106029576,0.017248607918437298,0.25,0.21658301774724736,0.033416982252752636,1,0,10.18715048234834,54.04293405840187,50.75197708717939,6.317937853886352,7.489505302508007,0,1,1,0
297,5.94,a1_demo_run_001,Unitree A1,1.0283301397867812,0.3241257344469193,0.01242469692917665,0.020411922874976837,0.017299519149880614,0.25,0.24169675488504927,0.00830324511495073,1,0,7.878657207778571,54.15727272325565,51.94228997687436,9.273201932427357,7.954782040877711,0,1,1,0
298,5.96,a1_demo_run_001,Unitree A1,1.032649591898028,0.32351730246023713,0.009943133078142792,0.01915079348336287,0.017349845079514883,0.25,0.21597260556234762,0.034027394437652375,1,0,9.362151747112138,54.219295413080694,53.50752075575427,8.127854571070342,7.851192197677069,0,1,1,0
299,5.98,a1_demo_run_001,Unitree A1,1.0367730739003629,0.32049883720348127,0.006743384248842263,0.02277030009471001,0.01739958055937725,0.25,0.2061741001167387,0.0438258998832613,1,0,9.726448368246515,54.297183131836235,51.82276969721745,8.254208963314806,7.6213860952206245,0,1,1,0
300,6.0,a1_demo_run_001,Unitree A1,1.0408201151899583,0.3246932030057204,0.007815726075979097,0.020345429201459046,0.017448720461424927,0.25,0.20235206447977416,0.04764793552022584,1,0,7.976206301926612,53.4582954990292,54.12857614955885,6.871333691861704,7.823226472649623,0,1,1,0
301,6.0200000000000005,a1_demo_run_001,Unitree A1,1.045086711166363,0.31903287323344065,0.010016285030282856,0.02123374250869583,0.017497259677804366,0.25,0.21332979882024064,0.03667020117975936,1,0,6.25874326479677,54.743429445289905,51.811968646377295,7.378098346398767,8.180120019287239,0,1,1,0
302,6.04,a1_demo_run_001,Unitree A1,1.0492366600176657,0.3251356409384099,0.007937569834649544,0.02074575888883938,0.017545193121119736,0.25,0.20749744256512725,0.042502557434872745,1,0,8.965348877258922,55.31559356363671,52.44397499329772,7.277588709706785,7.3684520670783415,0,1,1,0
303,6.0600000000000005,a1_demo_run_001,Unitree A1,1.0535112915095068,0.32506247855397874,0.010113629272701131,0.01782138737991378,0.017592515724700733,0.25,0.2137315745920545,0.036268425407945504,1,0,8.81159582013485,53.89818108772706,52.90702454148224,6.391803570003713,7.12472805158356,0,1,1,0
304,6.08,a1_demo_run_001,Unitree A1,1.0575717766004349,0.3276709381016395,0.0060357583591218065,0.02058631959777334,0.01763922244286967,0.25,0.20302425454640033,0.04697574545359967,1,0,8.59440411979639,55.30707095540322,54.14175681052946,7.637418883281684,7.748720655981206,0,1,1,0
305,6.1000000000000005,a1_demo_run_001,Unitree A1,1.0614852358588667,0.32132585601844854,0.006607925633066166,0.01740069974018712,0.01768530825120786,0.25,0.19567296292159053,0.05432703707840947,1,0,9.125498389816357,53.04209260364497,49.59503660273218,7.001580961833242,7.762629614153743,0,1,1,0
306,6.12,a1_demo_run_001,Unitree A1,1.0657172448840844,0.3279713136182143,0.010589132955806466,0.019751919343486066,0.017730768146821268,0.25,0.21160045126088145,0.03839954873911855,1,0,11.127143079085563,52.72958872336996,53.313373465287185,7.046224634692628,7.548549606035549,0,1,1,0
307,6.140000000000001,a1_demo_run_001,Unitree A1,1.0700987350586413,0.3255373118999019,0.006098170381257728,0.02031180978131663,0.01777559714860543,0.25,0.21907450872784986,0.030925491272150135,1,0,7.636323456931358,54.70104858202987,53.66562299198737,9.75273228964151,7.549559864061115,0,1,1,0
308,6.16,a1_demo_run_001,Unitree A1,1.0744246886898636,0.3275828855617074,0.009963788954255282,0.018441412529889938,0.017819790297509644,0.25,0.2162976815611226,0.03370231843887739,1,0,6.625788569559733,54.015933725467015,51.89662772040271,6.521423720335557,7.8703102287526985,0,1,1,0
309,6.18,a1_demo_run_001,Unitree A1,1.0783561519545697,0.32549629845473343,0.00450249113659326,0.017215320810152,0.017863342656800334,0.25,0.19657316323530624,0.05342683676469376,1,0,7.817972506911834,55.17246052714554,55.693662780861956,7.780724835678481,6.969754728999531,0,1,1,0
310,6.2,a1_demo_run_001,Unitree A1,1.082579425731196,0.3267300970631489,0.009674408936494301,0.015835542027256296,0.01790624931232373,0.25,0.21116368883131648,0.038836311168683524,1,0,7.128692729989384,54.41033555998356,51.7675332183916,9.27872674726152,7.43362534142545,0,1,1,0
311,6.22,a1_demo_run_001,Unitree A1,1.0870641742402867,0.3303188161144815,0.00792687690375375,0.02014242621650368,0.017948505372767713,0.25,0.2242374254545317,0.025762574545468292,1,0,8.96783420476089,52.19242692165351,52.334446793139946,6.953716479616492,7.792788678110324,0,1,1,0
312,6.24,a1_demo_run_001,Unitree A1,1.0914271332924337,0.32631500384962203,0.0029109419938350865,0.01693554218566898,0.017990105969922853,0.25,0.21814795260734793,0.03185204739265207,1,0,6.714394852029372,52.415976677299554,52.1265932861435,6.44441831634893,7.4274108715083775,0,1,1,0
313,6.26,a1_demo_run_001,Unitree A1,1.0955672675116792,0.32850888602508677,0.004735611569920122,0.024102498425475304,0.018031046258942692,0.25,0.20700671096227508,0.042993289037724924,1,0,9.78925562521142,56.01898246505272,52.49882711648885,9.258173763321745,7.480761630435896,0,1,1,0
314,6.28,a1_demo_run_001,Unitree A1,1.0997498290872487,0.32651378268280334,-4.039909518004699e-06,0.014162792025220272,0.018071321418603167,0.25,0.20912807877847106,0.04087192122152894,1,0,8.090404445102864,55.63981870187022,55.98390995773028,9.142088888394287,7.448999144950686,0,1,1,0
315,6.3,a1_demo_run_001,Unitree A1,1.1039320291155803,0.32775740468701997,0.0011746199936585196,0.018009836357842438,0.018110926651561197,0.25,0.2091100014165782,0.040889998583421794,1,0,9.297615568269732,54.01958737549146,52.821393381908045,7.111884939932776,7.3971068959549235,0,1,1,0
316,6.32,a1_demo_run_001,Unitree A1,1.1082733660183814,0.3305012675437108,0.0032392417748442516,0.019962714076747226,0.01814985718461248,0.25,0.21706684514005273,0.03293315485994727,1,0,5.864312814377023,55.081385803682025,54.0767648460289,6.87897608158073,7.4756785970529736,0,1,1,0
317,6.34,a1_demo_run_001,Unitree A1,1.1124746136333816,0.3271904206275606,0.002784828877226372,0.014773047854471599,0.01818810826894839,0.25,0.21006238075001338,0.03993761924998662,1,0,9.223965695268046,54.96258846903715,55.878452336169175,6.3907225084741786,7.502454885068122,0,1,1,0
318,6.36,a1_demo_run_001,Unitree A1,1.1168724822735718,0.3278715091250211,0.00093700504422776,0.0162789842680896,0.01822567518041204,0.25,0.21989343200951234,0.030106567990487665,1,0,9.120270052776325,55.076554289413565,53.13144645575328,8.708843291681536,7.661885642503804,0,1,1,0
319,6.38,a1_demo_run_001,Unitree A1,1.1212025870510218,0.33112149094147786,0.002900378483725463,0.014114592790478738,0.018262553219753428,0.25,0.216505238872498,0.03349476112750199,1,0,6.180852410845476,56.4955732538789,54.6980907508778,7.546925489043864,7.825982823257681,0,1,1,0
320,6.4,a1_demo_run_001,Unitree A1,1.125528170033561,0.32950878449946,0.0008859931104918652,0.01591174155617964,0.018298737712883765,0.25,0.21627914912696716,0.03372085087303284,1,0,4.751632972463037,55.42979855752028,54.56910215400868,6.677555333472153,7.623799179900623,0,1,1,0
321,6.42,a1_demo_run_001,Unitree A1,1.1300046736006604,0.3273490486052577,0.002719420075198995,0.015776316381098384,0.018334224011128844,0.25,0.22382517835495852,0.02617482164504148,1,0,7.431702473709673,57.44574046242462,53.48817023458364,7.251798872072871,7.35632638148779,0,1,1,0
322,6.44,a1_demo_run_001,Unitree A1,1.1344946294453786,0.32853427936656965,-0.0016984108003264488,0.020590981779546682,0.018369007491481543,0.25,0.22449779223591018,0.025502207764089818,1,0,8.497744725597986,56.06236854827221,52.93498736866106,5.355428952813198,7.466356700740933,0,1,1,0
323,6.46,a1_demo_run_001,Unitree A1,1.1386876258316916,0.32604546593655015,-0.000700061059739926,0.013568302919777479,0.018403083556853363,0.25,0.20964981931565185,0.04035018068434815,1,0,8.636344807990291,54.25032865919813,53.93736542294607,7.170229936186722,7.789320499498571,0,1,1,0
324,6.48,a1_demo_run_001,Unitree A1,1.1429060345040178,0.32752779756989653,-0.0032547540425890645,0.017148426796800773,0.018436447636325095,0.25,0.21092043361631177,0.03907956638368823,1,0,8.064578707713626,55.195560259789126,56.21409799809867,8.079174545392192,7.335246609773109,0,1,1,0
325,6.5,a1_demo_run_001,Unitree A1,1.1474136850661625,0.32582965190651014,0.0031184160899455794,0.020209019069667468,0.01846909518539651,0.25,0.2253825281072313,0.024617471892768694,1,0,6.8722970390560185,53.88014691466275,53.855841200181324,6.5432589202061715,7.368683746547713,0,1,1,0
326,6.5200000000000005,a1_demo_run_001,Unitree A1,1.1516294085620529,0.32969406450402344,-0.0012859867811763378,0.013844305270696081,0.01850102168623506,0.25,0.21078617479451445,0.03921382520548555,1,0,5.990532334818958,59.6462969089137,55.40516466997884,7.015993148879591,7.14517599329148,0,1,1,0
327,6.54,a1_demo_run_001,Unitree A1,1.155621474989936,0.3306173778612442,-0.003101191483426338,0.012489661257158995,0.018532222647923716,0.25,0.19960332139416315,0.05039667860583685,1,0,7.240550174277991,56.354815310374974,51.90681631410233,6.433978932155987,7.627337489150408,0,1,1,0
328,6.5600000000000005,a1_demo_run_001,Unitree A1,1.1597700279090757,0.3250524587177189,-0.0021467714472630075,0.01959701199864363,0.018562693606707734,0.25,0.20742764595698132,0.04257235404301868,1,0,11.178901057878043,54.24546287415323,53.72933565645683,5.992255660305889,7.519233885740586,0,1,1,0
329,6.58,a1_demo_run_001,Unitree A1,1.1638031827507016,0.332354215912544,-0.0020805574115570404,0.013198583299405738,0.01859243012624048,0.25,0.20165774208129578,0.04834225791870422,1,0,7.537140727381198,53.92875077925714,52.78311782595595,9.811825151013972,7.195267085793635,0,1,1,0
330,6.6000000000000005,a1_demo_run_001,Unitree A1,1.1680819554798807,0.33092916375085896,-0.003678548886744128,0.019810845239611168,0.018621427797828254,0.25,0.21393863645895111,0.036061363541048885,1,0,8.481134975287542,55.55668010808018,53.98270547140206,7.842540492563899,7.474189195357942,0,1,1,0
331,6.62,a1_demo_run_001,Unitree A1,1.1723925533081672,0.32847909552564736,-0.009283399422012164,0.013816931495345562,0.018649682240674103,0.25,0.21552989141432263,0.03447010858567737,1,0,7.38826868556539,56.70255080588347,55.88925054401214,6.036667846436275,7.614783004500468,0,1,1,0
332,6.640000000000001,a1_demo_run_001,Unitree A1,1.1769976509695386,0.32825819238375464,-0.00784277611577562,0.013668741364767756,0.01867718910212061,0.25,0.23025488306857064,0.019745116931429357,1,0,9.424605607682935,57.527663174991616,51.67428860291046,5.919360761315439,7.275235830748963,0,1,1,0
333,6.66,a1_demo_run_001,Unitree A1,1.1813853664747724,0.32793967970986737,-0.004473823138929508,0.014993852217995159,0.018703944057891688,0.25,0.2193857752616979,0.03061422473830211,1,0,8.737848968771955,57.28944980418067,55.52589192988793,10.665806116376743,7.401358669340121,0,1,1,0
334,6.68,a1_demo_run_001,Unitree A1,1.1858162199588347,0.3297856796181884,-0.006739325320046143,0.014536563953491472,0.018729942812333266,0.25,0.22154267420310864,0.028457325796891364,1,0,8.049115908654226,55.0713786369228,55.390179141523845,8.197732014077172,7.137910967717021,0,1,1,0
335,6.7,a1_demo_run_001,Unitree A1,1.1904577995408394,0.33040904123358444,-0.008135379442002169,0.008624069116631642,0.018755181098652995,0.25,0.23207897910023448,0.017921020899765522,1,0,7.520429805337735,59.35698779587884,54.394958636909614,9.084704505423087,7.168849988815165,0,1,1,0
336,6.72,a1_demo_run_001,Unitree A1,1.194923889902903,0.33301016313980014,-0.009127632811665214,0.010060804202379876,0.018779654679158854,0.25,0.22330451810318455,0.02669548189681545,1,0,13.163982847936442,55.35163921759169,54.46941231404608,7.219897380539153,7.107645060578824,0,1,1,0
337,6.74,a1_demo_run_001,Unitree A1,1.1990013470369185,0.33687116368136916,-0.008782298041236612,0.008812807652316047,0.01880335934549669,0.25,0.2038728567007674,0.04612714329923259,1,0,6.2007859241968815,59.99130245395138,55.79273536740885,8.275421518292667,7.503263431000971,0,1,1,0
338,6.76,a1_demo_run_001,Unitree A1,1.2032694721796544,0.3316180313026196,-0.007362723656148541,0.011867077038140435,0.01882629091888669,0.25,0.21340625713678935,0.036593742863210654,1,0,6.597092925172285,56.70851490965568,56.033142618096804,3.5860163113066963,7.378379088289511,0,1,1,0
339,6.78,a1_demo_run_001,Unitree A1,1.2074000728660466,0.3328975756458311,-0.011625443386952187,0.006923602817245556,0.018848445250358746,0.25,0.20653003431961103,0.04346996568038897,1,0,8.819856533444527,54.49733334920608,53.481442758113566,8.728963321033461,7.317414502721308,0,1,1,0
340,6.8,a1_demo_run_001,Unitree A1,1.2116398976020317,0.3281782416226555,-0.01256240752415496,0.01327072177046068,0.018869818220986694,0.25,0.2119912367992548,0.0380087632007452,1,0,58.32411296490996,7.547240018715373,5.14983014653215,56.701986055353295,7.104616943457407,1,0,0,1
341,6.82,a1_demo_run_001,Unitree A1,1.2162089326835361,0.33123413772864385,-0.01121428234526857,0.0108113288775036,0.01889040574212151,0.25,0.22845175407521967,0.02154824592478033,1,0,59.99854941374707,7.6567336299923685,6.72498230054731,55.24235590348978,7.542915147550851,1,0,0,1
342,6.84,a1_demo_run_001,Unitree A1,1.221177242483099,0.33344865150662784,-0.010942427376595709,0.009471271673600642,0.018910203755623294,0.25,0.2484154899781384,0.001584510021861607,1,0,57.47352251589931,7.716649248362967,7.731758961805858,58.09926274835026,7.177325339302609,1,0,0,1
343,6.86,a1_demo_run_001,Unitree A1,1.225659047119611,0.3329781365378602,-0.012018739501935322,0.006968614306264892,0.01892920823409218,0.25,0.2240902318256066,0.02590976817439339,1,0,59.57869429241544,6.191582534326135,7.4537089163461046,57.39543352202529,6.843016913783696,1,0,0,1
344,6.88,a1_demo_run_001,Unitree A1,1.2300060885874653,0.32848301007929726,-0.009524632077497996,0.009514494450489911,0.018947415181098083,0.25,0.21735207339272317,0.032647926607276834,1,0,55.74399826623754,7.794027036535632,6.895734742580936,55.53304433158127,6.942710793115474,1,0,0,1
345,6.9,a1_demo_run_001,Unitree A1,1.2341221985128261,0.33496006512774035,-0.01369634930873551,0.005443854244371818,0.018964820631409276,0.25,0.20580549626804645,0.04419450373195355,1,0,57.47075615155507,8.757653475957648,7.410619474607859,56.34954196902201,7.108813608393606,1,0,0,1
346,6.92,a1_demo_run_001,Unitree A1,1.2384756814052453,0.33321560448484755,-0.013045822565197585,0.012967666435402456,0.01898142065121982,0.25,0.21767414462095533,0.03232585537904467,1,0,56.401130405540016,7.70322764669198,8.139919520141062,56.456972794813055,6.777091622119949,1,0,0,1
347,6.94,a1_demo_run_001,Unitree A1,1.2431363657995824,0.3286930678849727,-0.01220897425379638,0.008873347083624271,0.01899721133837581,0.25,0.23303421971684912,0.016965780283150877,1,0,55.883589946483255,6.181293958771775,8.199938195307638,59.33424957808014,7.445248105173862,1,0,0,1
348,6.96,a1_demo_run_001,Unitree A1,1.2472408069832293,0.3342136714856693,-0.014651747746928682,0.0023587238415369092,0.01901218882260045,0.25,0.20522205918233802,0.04477794081766198,1,0,59.277599358177945,8.784030614039752,9.398156866897384,56.522993569136204,6.880588645338662,1,0,0,1
349,6.98,a1_demo_run_001,Unitree A1,1.2516333679403449,0.3299154001475859,-0.010933651652583908,0.007279864675029201,0.01902634926571787,0.25,0.2196280478557835,0.030371952144216507,1,0,59.572097358967994,7.15593154096561,7.246221965120164,54.85143529839149,6.758828486769407,1,0,0,1
350,7.0,a1_demo_run_001,Unitree A1,1.2561222526416849,0.3290493579114135,-0.016122301290631177,0.00849403961962176,0.019039688861875837,0.25,0.2244442350669994,0.025555764933000602,1,0,60.55451093517035,7.8842909343215775,7.077264505988237,57.54005170702354,6.893205559302652,1,0,0,1
351,7.0200000000000005,a1_demo_run_001,Unitree A1,1.2606427782361709,0.32966578300202753,-0.014953490550945829,0.005248440226160481,0.019052203837767172,0.25,0.22602627972430078,0.023973720275699217,1,0,58.13750265089188,6.884896679779724,7.392726633414979,57.50990074654566,6.782847809555246,1,0,0,1
352,7.04,a1_demo_run_001,Unitree A1,1.26550427476216,0.33218426600167983,-0.014095891173035955,0.010275620976683275,0.019063890452849945,0.25,0.24307482629945754,0.006925173700542464,1,0,60.28064813887283,7.302382480426126,4.99069232729729,59.487504127871304,6.771683348828679,1,0,0,1
353,7.0600000000000005,a1_demo_run_001,Unitree A1,1.2698018063780023,0.3363660098662166,-0.012743851979241178,0.002289552294352329,0.019074744999566483,0.25,0.2148765807921062,0.0351234192078938,1,0,58.308423470951894,9.307397994887504,8.544913575918066,58.73874848982626,7.03894163685966,1,0,0,1
354,7.08,a1_demo_run_001,Unitree A1,1.274157191588792,0.3344325989134079,-0.01889526501772965,0.005805672620687749,0.019084763803561073,0.25,0.21776926053948328,0.032230739460516716,1,0,58.98186403763951,7.0289502993215365,5.859978251465632,57.49467925866279,6.656901853387074,1,0,0,1
355,7.1000000000000005,a1_demo_run_001,Unitree A1,1.2782066305895612,0.33167611128462954,-0.016043038846819235,0.001326557809544749,0.019093943223896438,0.25,0.20247195003845833,0.04752804996154167,1,0,58.37004979895226,4.624194688405092,5.059019997307503,58.253365964933394,7.118901916866406,1,0,0,1
356,7.12,a1_demo_run_001,Unitree A1,1.2823923073913883,0.33661317161645404,-0.017266522314841968,0.0030424298458734235,0.019102279653268966,0.25,0.20928384009136008,0.040716159908639915,1,0,59.79178922484996,9.513616714149679,8.302876348245384,56.25536324101038,6.770701167966653,1,0,0,1
357,7.140000000000001,a1_demo_run_001,Unitree A1,1.2864688682212289,0.3339889781100921,-0.016982978273629212,0.004183558972152761,0.019109769518222595,0.25,0.20382804149202663,0.04617195850797337,1,0,60.80240374490546,8.199381435256626,7.905676043850586,57.75403973348184,7.099789179772803,1,0,0,1
358,7.16,a1_demo_run_001,Unitree A1,1.2907895819477921,0.3355387044694722,-0.016696919306927314,0.0006689491537627271,0.0191164092793615,0.25,0.21603568632816972,0.03396431367183028,1,0,59.37569777791025,8.621106574687238,6.858020044737562,57.57174330663226,6.46673877272126,1,0,0,1
359,7.18,a1_demo_run_001,Unitree A1,1.2951940128402866,0.32953794611642157,-0.015138303945122535,-0.0011033912823927132,0.0191221954315614,0.25,0.22022154462471752,0.02977845537528248,1,0,61.38806027305866,8.193951984484945,5.167497026399042,59.34852122981707,6.717606407686821,1,0,0,1
360,7.2,a1_demo_run_001,Unitree A1,1.2996572096281718,0.33470020947696055,-0.01748058148753969,0.0028148885651926784,0.019127124504179617,0.25,0.22315983939425862,0.026840160605741376,1,0,60.24931482319386,7.430256856486412,8.01615508582937,56.142074896467804,6.458239442605536,1,0,0,1
361,7.22,a1_demo_run_001,Unitree A1,1.3041457218397494,0.33277593614424905,-0.016258990461605137,0.002518310492673742,0.019131193061263815,0.25,0.22442561057888358,0.025574389421116422,1,0,58.209702028556535,7.812471261645983,10.328543945485187,58.51911454906893,6.318663695819344,1,0,0,1
362,7.24,a1_demo_run_001,Unitree A1,1.3083273681976089,0.33010744091897176,-0.013432971393815817,-1.7445555476811243e-05,0.019134397701759363,0.25,0.20908231789297232,0.040917682107027675,1,0,57.5069917758525,9.201031599868195,3.722488826860214,59.85492698681497,6.143991721380126,1,0,0,1
363,7.26,a1_demo_run_001,Unitree A1,1.3123907852451635,0.33540165024527335,-0.014539033028774764,0.0022506427676071226,0.019136735059715446,0.25,0.20317085237772659,0.046829147622273415,1,0,59.071067656711996,9.454446810689983,5.518499857107416,57.2701839107315,6.354770231677402,1,0,0,1
364,7.28,a1_demo_run_001,Unitree A1,1.3164549094012885,0.3339484253202037,-0.01796372641879097,-0.0055524278536576,0.01913820180448974,0.25,0.20320620780625503,0.046793792193744965,1,0,59.8966033740352,6.94945149003505,7.032198004456101,58.68808211769947,6.696965095568142,1,0,0,1
365,7.3,a1_demo_run_001,Unitree A1,1.3206908239690358,0.33414488056515557,-0.01584847021139876,-0.005982292071459117,0.019138794640951806,0.25,0.21179572838736058,0.03820427161263942,1,0,61.104372026470806,8.056838240453214,7.111733245582974,60.06497497474924,6.798945826548395,1,0,0,1
366,7.32,a1_demo_run_001,Unitree A1,1.3248908994354984,0.3324985044900487,-0.01728185383219224,0.0006484745173617424,0.01913851030968511,0.25,0.21000377332313377,0.039996226676866226,1,0,57.85827260516632,8.560273987276409,6.638607889397743,60.82407936893036,6.598472096874287,1,0,0,1
367,7.34,a1_demo_run_001,Unitree A1,1.3289154941945511,0.330908988085322,-0.014795342326508318,-0.003620585122194968,0.01913734558718761,0.25,0.2012297379526379,0.048770262047362095,1,0,61.558851320861315,9.10639445078874,8.64985797350186,59.35436732565055,6.323945874396869,1,0,0,1
368,7.36,a1_demo_run_001,Unitree A1,1.3333188550593584,0.33673464487831395,-0.017809618585013884,-0.002730328776668661,0.01913529728607106,0.25,0.2201680432403617,0.02983195675963829,1,0,60.49173609516298,7.309479619719654,6.270275149789384,61.463178756181634,6.433613365602699,1,0,0,1
369,7.38,a1_demo_run_001,Unitree A1,1.3373658131121706,0.33373713793676263,-0.01772981371324006,-0.0018794535551300178,0.019132362255258842,0.25,0.20234790264060934,0.04765209735939066,1,0,59.59570851360173,6.8720093479950055,8.300272774720451,58.197017322158345,6.506517012255503,1,0,0,1
370,7.4,a1_demo_run_001,Unitree A1,1.3416463334509179,0.33569004192116686,-0.01931984318745189,-0.006299632570547147,0.019128537380182414,0.25,0.21402601693735934,0.03597398306264066,1,0,60.70475368558754,6.038326156965953,8.612630711139499,58.80471668391063,6.295776016961544,1,0,0,1
371,7.42,a1_demo_run_001,Unitree A1,1.3458157399911084,0.33393612010921336,-0.019585040348295005,-0.008850016569972748,0.019123819582976403,0.25,0.208470327009527,0.041529672990473,1,0,59.93623148591476,7.557308975145076,7.25381680720513,58.70963345469405,6.600977062462576,1,0,0,1
372,7.44,a1_demo_run_001,Unitree A1,1.350209133689488,0.33455374710728014,-0.015475346193631294,-0.002442401706818614,0.01911820582267221,0.25,0.21966968491897446,0.030330315081025544,1,0,59.789978058586044,8.237097909979523,7.488383574240393,60.712474317925725,6.608915329547866,1,0,0,1
373,7.46,a1_demo_run_001,Unitree A1,1.3546406335354015,0.33225503370766674,-0.013244630789087265,-0.004125208937355308,0.019111693095390233,0.25,0.22157499229567854,0.028425007704321464,1,0,61.53365059165476,9.919413222644671,3.5275475103083767,57.798159269631014,6.267696262971028,1,0,0,1
374,7.48,a1_demo_run_001,Unitree A1,1.3587400377084493,0.3346696288403772,-0.018032866643731098,-0.0050251612559611665,0.019104278434530622,0.25,0.20497020865239318,0.04502979134760682,1,0,62.04036612411037,9.1433384311673,6.99599788264289,58.98243531898215,6.337781825216815,1,0,0,1
375,7.5,a1_demo_run_001,Unitree A1,1.3631568460541592,0.3337816947020942,-0.017694855021454292,-0.006832963828201982,0.01909595891096262,0.25,0.2208404172855005,0.029159582714499505,1,0,61.552002423518125,7.092229380921929,5.394180788350431,57.44641143108609,6.1227932969328025,1,0,0,1
376,7.5200000000000005,a1_demo_run_001,Unitree A1,1.3679524628360125,0.3325206086841476,-0.01632476427602764,-0.007930584489315285,0.019086731633212433,0.25,0.2397808390926678,0.010219160907332187,1,0,62.628489924358405,5.821539546628882,7.3531298463083505,59.07118856543969,6.566918493416719,1,0,0,1
377,7.54,a1_demo_run_001,Unitree A1,1.372382755083373,0.3333338439031951,-0.014655320354692475,-0.008866783345527193,0.019076593747649636,0.25,0.22151461236802292,0.028485387631977083,1,0,61.1930540193142,7.785090525476851,8.745686320642847,61.18439181366268,6.213406703720364,1,0,0,1
378,7.5600000000000005,a1_demo_run_001,Unitree A1,1.3764501085103833,0.334556233292974,-0.017540573087142526,-0.008209165845658084,0.01906554243867212,0.25,0.2033676713505154,0.046632328649484606,1,0,59.69928399644333,8.429827424866401,7.3431259890575715,59.177425238371306,6.861236310318164,1,0,0,1
379,7.58,a1_demo_run_001,Unitree A1,1.3812975335295756,0.3349784739779587,-0.017152553962632655,-0.004015429931481027,0.019053574928889552,0.25,0.2423712509596212,0.007628749040378802,1,0,60.105368705943626,8.999522702996881,6.9372236595622505,62.48706048405142,5.855664543462529,1,0,0,1
380,7.6000000000000005,a1_demo_run_001,Unitree A1,1.3853993152463207,0.33386253785978787,-0.017005172445678837,-0.009488832631958384,0.019040688479305328,0.25,0.20508908583725094,0.04491091416274906,1,0,60.6591938706529,7.352937679905411,9.349122518098058,61.94047357045267,6.710247818166453,1,0,0,1
381,7.62,a1_demo_run_001,Unitree A1,1.3898988941566506,0.3314098098085287,-0.017708310888469834,-0.0090802716844464,0.01902688038949708,0.25,0.22497894551649247,0.025021054483507527,1,0,61.03449635227313,9.146364380589675,7.250584579711982,59.53756463044184,6.174202258539883,1,0,0,1
382,7.640000000000001,a1_demo_run_001,Unitree A1,1.3939746110528957,0.3352187189195015,-0.02034881538991019,-0.010704413288263066,0.0190121479977956,0.25,0.20378584481225398,0.04621415518774602,1,0,61.276232759251045,6.889682804303811,6.883603682863496,56.96206670508457,5.754361471500362,1,0,0,1
383,7.66,a1_demo_run_001,Unitree A1,1.3984820918489667,0.3326413392851546,-0.0184164603734898,-0.006015119902271897,0.018996488681462337,0.25,0.2253740398035523,0.024625960196447694,1,0,61.43092967298233,8.83784163416954,8.35423843077348,59.15866815735184,5.835415254374855,1,0,0,1
384,7.68,a1_demo_run_001,Unitree A1,1.4027801951805223,0.32805508494735025,-0.017365657188749307,-0.007063351512834495,0.0189798998568653,0.25,0.21490516657778133,0.03509483342221867,1,0,62.64741962392541,9.496531045391615,6.579943262870164,60.31094910390876,6.349845598527461,1,0,0,1
385,7.7,a1_demo_run_001,Unitree A1,1.4072398314673884,0.3304852006608756,-0.01496906691252895,-0.013298050779266704,0.018962378979653468,0.25,0.22298181434330194,0.027018185656698057,1,0,62.59305843903182,8.31845448931114,9.91641456850014,61.869910526793426,6.015216257075676,1,0,0,1
386,7.72,a1_demo_run_001,Unitree A1,1.4116313544211485,0.3345851377410472,-0.017370833437920147,-0.011691317198678101,0.018943923544929648,0.25,0.2195761476880104,0.030423852311989602,1,0,62.55612348515217,6.792651438816976,6.508831270690319,61.22287223060653,6.319235412045998,1,0,0,1
387,7.74,a1_demo_run_001,Unitree A1,1.4156155124213106,0.3323516775837599,-0.014110909125748064,-0.01490112675245894,0.01892453108742179,0.25,0.19920790000810062,0.050792099991899375,1,0,59.77313029071652,6.850633542940191,8.454325441998645,59.133169995921,5.683487604924658,1,0,0,1
388,7.76,a1_demo_run_001,Unitree A1,1.4195735561865162,0.33473094734060316,-0.015403041648121498,-0.011670545542067014,0.018904199181652752,0.25,0.19790218826028086,0.05209781173971914,1,0,60.71326249979573,10.756481947366206,5.871316930262918,60.826096320480616,6.0304192841831,1,0,0,1
389,7.78,a1_demo_run_001,Unitree A1,1.4237154065659574,0.33482224595764165,-0.01747873560911428,-0.014549016718384523,0.01888292544210847,0.25,0.20709251897206513,0.042907481027934874,1,0,60.54288152342018,7.511720974261156,5.581075167218342,58.17461523617,5.816022241505084,1,0,0,1
390,7.8,a1_demo_run_001,Unitree A1,1.428268803140619,0.3380490311003287,-0.014502598625520566,-0.012010317405488422,0.018860707523404612,0.25,0.22766982873307975,0.022330171266920246,1,0,61.717041305933456,6.736656103124144,8.64693022744457,58.99112710769385,5.9370204589694735,1,0,0,1
391,7.82,a1_demo_run_001,Unitree A1,1.432691342726534,0.3354387753127854,-0.015486990766486457,-0.01025746340516348,0.018837543120451584,0.25,0.2211269792957454,0.0288730207042546,1,0,61.73777886014031,7.770886345987348,6.901703199819141,58.72743671135835,5.851839459678235,1,0,0,1
392,7.84,a1_demo_run_001,Unitree A1,1.437328188877753,0.32436703229028496,-0.016043807567824694,-0.01570556021820444,0.018813429968618026,0.25,0.23184230756094765,0.018157692439052353,1,0,63.29772704380518,7.164306886223358,6.622707032432284,61.833872880713905,6.033703650701783,1,0,0,1
393,7.86,a1_demo_run_001,Unitree A1,1.4419700563804294,0.3313018402615877,-0.014038428548210864,-0.016336120935028824,0.018788365843892624,0.25,0.23209337513382225,0.01790662486617775,1,0,61.10032492183787,6.490559063627315,7.250570264020413,60.38450938892082,5.927420366921959,1,0,0,1
394,7.88,a1_demo_run_001,Unitree A1,1.446730481141642,0.3275216774415976,-0.014212949178721035,-0.014225047154045968,0.018762348563044384,0.25,0.23802123806062994,0.011978761939370058,1,0,59.99469442339404,9.436301907615078,4.7697281414648565,61.040587459419804,5.688607853959484,1,0,0,1
395,7.9,a1_demo_run_001,Unitree A1,1.4508599342087243,0.33284100716956594,-0.015930727980945168,-0.013831453158894018,0.018735375983781315,0.25,0.2064726533541125,0.043527346645887505,1,0,61.322794997560635,7.268640803303924,7.365188958889534,62.11581566238178,6.218144807143191,1,0,0,1
396,7.92,a1_demo_run_001,Unitree A1,1.4549412098037933,0.3326519448930046,-0.013651238429324647,-0.013839536150829307,0.01870744600490738,0.25,0.2040637797534498,0.0459362202465502,1,0,9.350953621425099,60.7887546047407,58.059292361039084,6.771637351110043,5.389131232486962,0,1,1,0
397,7.94,a1_demo_run_001,Unitree A1,1.4590372951294135,0.33513453533740967,-0.01299678887025024,-0.013932658561727748,0.018678556566477936,0.25,0.20480426628101603,0.04519573371898397,1,0,8.76481053384308,60.91854062064809,59.45437551059991,6.341122143878798,5.850657654052917,0,1,1,0
398,7.96,a1_demo_run_001,Unitree A1,1.4637210310742164,0.33457793877073405,-0.015280135184214057,-0.014313753049998943,0.018648705649953492,0.25,0.23418679724014474,0.01581320275985526,1,0,6.6792204740167636,62.505953976405756,60.64889298544398,6.585305430987863,5.64365563619775,0,1,1,0
399,7.98,a1_demo_run_001,Unitree A1,1.4679879538457632,0.3354143757793346,-0.013290675465100876,-0.017016273876096433,0.018617891278351836,0.25,0.21334613857734058,0.03665386142265942,1,0,11.211573247213668,63.40321043730594,59.165792855128714,8.478508136597256,5.342061185117699,0,1,1,0
400,8.0,a1_demo_run_001,Unitree A1,1.4724275054804041,0.33155100151593775,-0.01437312181147785,-0.016024175493347052,0.01858611151639848,0.25,0.221977581732042,0.02802241826795801,1,0,6.961149703509816,64.21381149302859,62.17432955491743,7.549116817693669,5.67001234942647,0,1,1,0
401,8.02,a1_demo_run_001,Unitree A1,1.477254671162923,0.33085949617858157,-0.014223542005583779,-0.01598327292475871,0.0185533644706755,0.25,0.24135828412595278,0.008641715874047218,1,0,7.781019162708781,61.47470373129825,60.5839331847667,7.251182034397067,5.263896135995038,0,1,1,0
402,8.040000000000001,a1_demo_run_001,Unitree A1,1.4815351643395602,0.3333388551027484,-0.013274694152027306,-0.015775987894035358,0.018519648289768688,0.25,0.21402465883185728,0.035975341168142716,1,0,8.218919995191039,61.364429537617106,59.06355201992535,8.015946520247125,5.385579809985433,0,1,1,0
403,8.06,a1_demo_run_001,Unitree A1,1.485762397772373,0.33153719784160157,-0.012418186254671155,-0.015637559447548417,0.01848496116441301,0.25,0.21136167164063843,0.03863832835936157,1,0,9.227104829935882,62.346362084006614,58.219099073887335,7.949462300787651,5.476047177603635,0,1,1,0
404,8.08,a1_demo_run_001,Unitree A1,1.4899141893307255,0.3309655778259843,-0.01319738046010406,-0.01992748028966681,0.01844930132763642,0.25,0.20758957791761729,0.042410422082382715,1,0,7.029814521312827,62.5213137652212,58.754980288817556,6.7651204049033415,5.694662249816526,0,1,1,0
405,8.1,a1_demo_run_001,Unitree A1,1.4945249607233233,0.33548086277400097,-0.012219058109827834,-0.020573068089954943,0.018412667054901976,0.25,0.23053856962989042,0.019461430370109584,0,1,8.344837642328987,61.53613781933053,61.166980652183504,7.588062051709564,8.614391296630842,0,1,1,0
406,8.120000000000001,a1_demo_run_001,Unitree A1,1.4991528458055499,0.33148174415347564,-0.01037192569640932,-0.018114332977185194,0.01837505666424826,0.25,0.23139425411132641,0.018605745888673586,0,1,8.68645674597597,61.43449957275275,60.388202164936274,8.242871996639547,8.618889742520594,0,1,1,0
407,8.14,a1_demo_run_001,Unitree A1,1.503561252156461,0.33124844431727046,-0.009710363285904359,-0.01938391793381241,0.0183364685164281,0.25,0.2204203175455527,0.02957968245444731,0,1,9.14062598948743,63.46983043551354,60.768636138820334,7.71231024272856,8.609289866971691,0,1,1,0
408,8.16,a1_demo_run_001,Unitree A1,1.50786046187883,0.3330755601661669,-0.009359817577575263,-0.019083850692318632,0.01829690101504558,0.25,0.21496048611844848,0.03503951388155152,0,1,5.727306432262514,61.26924204012801,60.20097798937349,6.032276120877112,7.922259802473023,0,1,1,0
409,8.18,a1_demo_run_001,Unitree A1,1.5122234322403192,0.3313563261501031,-0.010643270735561471,-0.01850902307514456,0.018256352606691343,0.25,0.21814851807445268,0.03185148192554732,0,1,7.17986038354236,61.654569016948656,58.545085777675126,5.979884469394625,8.114193883057688,0,1,1,0
410,8.2,a1_demo_run_001,Unitree A1,1.516707479195733,0.33424863407728816,-0.007952397608416348,-0.020928798130826275,0.01821482178107619,0.25,0.22420234777068127,0.025797652229318735,0,1,6.880481345333457,60.767597342005885,62.16183176485572,7.8462268566546225,8.592486088716543,0,1,1,0
411,8.22,a1_demo_run_001,Unitree A1,1.5213575406988178,0.33469970010776284,-0.006146321640029451,-0.01699277014266424,0.018172307071162904,0.25,0.23250307515424834,0.01749692484575166,1,0,6.368358523587703,61.913834921274365,59.62375461743363,7.675842920363284,5.74346094127099,0,1,1,0
412,8.24,a1_demo_run_001,Unitree A1,1.5255196929648018,0.3297703492212434,-0.010867529681075187,-0.017034095329153797,0.01812880705329639,0.25,0.20810761329920122,0.041892386700798784,1,0,6.886566631187484,62.66972612678653,60.802711400895944,7.376642895579096,5.184876657366595,0,1,1,0
413,8.26,a1_demo_run_001,Unitree A1,1.52973741181109,0.3331692195270793,-0.004923460250323383,-0.02664639364934631,0.018084320347332043,0.25,0.21088594231441263,0.03911405768558737,1,0,7.55051048207181,63.874045233898464,59.92723266870132,5.908654355165176,5.443232866169483,0,1,1,0
414,8.28,a1_demo_run_001,Unitree A1,1.5343528818454586,0.3333370365331359,-0.0073014812219609005,-0.021214791465837747,0.0180388456167624,0.25,0.2307735017184333,0.019226498281566695,1,0,9.027849009046998,63.03026665398927,60.527202113266696,9.917989890801541,4.993839910204431,0,1,1,0
415,8.3,a1_demo_run_001,Unitree A1,1.5389592901080225,0.33239656379722543,-0.004796809979919371,-0.014313783160278204,0.01799238156884199,0.25,0.23032041312819387,0.019679586871806126,1,0,8.651122916099153,62.225731393399634,59.80412203401754,8.352954235962947,5.278747058323939,0,1,1,0
416,8.32,a1_demo_run_001,Unitree A1,1.5433779825010705,0.32952447862777756,-0.0076609027503361325,-0.023860304089939693,0.017944926954710463,0.25,0.22093461965239672,0.02906538034760328,1,0,6.935434668979583,63.13946246653441,60.41681227228366,7.885560121397419,5.660355738772316,0,1,1,0
417,8.34,a1_demo_run_001,Unitree A1,1.5477559422246485,0.3373291450776811,-0.00021785970111234954,-0.01674047300177053,0.017896480569513946,0.25,0.21889798617890302,0.03110201382109698,1,0,7.333617488772508,63.84468899713869,61.11173913895409,8.318056805875953,5.306624399364289,0,1,1,0
418,8.36,a1_demo_run_001,Unitree A1,1.5524075264615802,0.3316933834213287,-0.004559416015850934,-0.024883443991730647,0.017847041252524634,0.25,0.23257921184658722,0.017420788153412775,1,0,7.350025609936939,64.26992252691532,60.94776602775872,6.365444566313911,4.9967146321558245,0,1,1,0
419,8.38,a1_demo_run_001,Unitree A1,1.556856507582552,0.3322630845968336,-0.0026666937976642,-0.022377372601322134,0.017796607887258554,0.25,0.22244905604859241,0.027550943951407586,1,0,7.408091412965543,61.24958050968583,59.408937538399385,6.393024746576751,5.725984730407467,0,1,1,0
420,8.4,a1_demo_run_001,Unitree A1,1.5608672860427182,0.32885171473604813,-0.00215945032513349,-0.02223816323135567,0.017745179401591604,0.25,0.20053892300830328,0.04946107699169672,1,0,7.634074987266791,63.35574695784921,60.34737525083653,6.126855307470697,5.294778636321159,0,1,1,0
421,8.42,a1_demo_run_001,Unitree A1,1.565037314560509,0.3353978064972161,-0.0036339177460001375,-0.01878292163097292,0.017692754767873776,0.25,0.20850142588954462,0.04149857411045538,1,0,7.6708106251731625,62.00084757780504,58.16346200336456,6.79949401624296,5.278904989778057,0,1,1,0
422,8.44,a1_demo_run_001,Unitree A1,1.5696328713855978,0.32901099874292405,0.0013386667023460924,-0.02095606261687537,0.01763933300304157,0.25,0.22977784125443826,0.02022215874556174,1,0,8.66960423129295,63.7955414836559,62.426158180401224,7.731981553029553,5.367633362033943,0,1,1,0
423,8.46,a1_demo_run_001,Unitree A1,1.5740215481867297,0.32748361947745186,-0.0002849858718022183,-0.02409591248445098,0.017584913168728632,0.25,0.21943384005659838,0.030566159943401616,1,0,6.491609259977798,63.82239080344087,60.537120085748874,6.688041001668433,5.369011519406067,0,1,1,0
424,8.48,a1_demo_run_001,Unitree A1,1.578552756934659,0.327054542296916,-0.0011379372098304702,-0.020614681501489835,0.017529494371374552,0.25,0.22656043739646367,0.02343956260353633,1,0,9.13602941879879,62.71018366588155,62.254636279285386,7.06835569623287,5.517439311687391,0,1,1,0
425,8.5,a1_demo_run_001,Unitree A1,1.5825757598809753,0.3291395272543689,0.003041987300228195,-0.02114943153714556,0.017473075762331862,0.25,0.20115014731581726,0.04884985268418274,1,0,8.926778412792485,65.91631115163382,61.039163731190406,6.798011490907285,5.062023337544582,0,1,1,0
426,8.52,a1_demo_run_001,Unitree A1,1.5872839577549216,0.3258780097750025,-8.418315228158019e-05,-0.02708076785407904,0.01741565653797123,0.25,0.23540989369731372,0.014590106302686284,1,0,6.608723243731317,61.53173584576057,59.46942985989681,8.483941838915658,4.996788309018429,0,1,1,0
427,8.540000000000001,a1_demo_run_001,Unitree A1,1.5917828277443293,0.32868530857310624,-0.0026426400528315416,-0.023355978419749877,0.01735723593978479,0.25,0.22494349947038914,0.025056500529610864,1,0,8.546811262631216,63.99356273538825,58.660479422803064,7.500673624686814,4.983665289331363,0,1,1,0
428,8.56,a1_demo_run_001,Unitree A1,1.5961780734919093,0.3292092622215905,0.0030384245814734276,-0.022055100994742012,0.017297813254487676,0.25,0.21976228737900225,0.030237712620997753,1,0,8.46164947680816,63.09290931956702,59.990054589682934,7.036896046170164,5.622600762427886,0,1,1,0
429,8.58,a1_demo_run_001,Unitree A1,1.6006424165125601,0.33152445630590305,0.0012866401941049061,-0.025806605860659828,0.0172373878141177,0.25,0.22321715103253628,0.026782848967463718,1,0,7.446763841655852,63.570683776150595,58.65046380756086,5.954931759398797,5.456640427415012,0,1,1,0
430,8.6,a1_demo_run_001,Unitree A1,1.6050141950367534,0.3316111217161326,0.0018485617973725498,-0.023338757316565623,0.01717595899613317,0.25,0.2185889262096645,0.0314110737903355,1,0,11.607277940971263,64.13567828659014,60.39248218513031,4.656462085297832,5.357446682830587,0,1,1,0
431,8.620000000000001,a1_demo_run_001,Unitree A1,1.609411263656939,0.33125892260767803,0.00319993282054261,-0.02451052186443773,0.017113526223508913,0.25,0.21985343100928229,0.030146568990717715,1,0,8.56970891732094,63.55058731790488,60.33820398547394,6.456234805816286,4.706578420576482,0,1,1,0
432,8.64,a1_demo_run_001,Unitree A1,1.6133229854615523,0.3312252807730156,0.004258980848968712,-0.025215874271612954,0.017050088964830387,0.25,0.1955860902306607,0.0544139097693393,1,0,8.72831159431896,63.11828083817464,60.155165604584994,7.794233834612757,4.810902616004282,0,1,1,0
433,8.66,a1_demo_run_001,Unitree A1,1.6175361312615912,0.33414558863647437,0.0038782269746130914,-0.020235937909024598,0.016985646734385972,0.25,0.21065729000194683,0.03934270999805317,1,0,7.911473011873863,62.301121851192065,61.498474898683604,8.322789053603909,4.9917942645312525,0,1,1,0
434,8.68,a1_demo_run_001,Unitree A1,1.6222539860208154,0.32892350043644114,0.003452458726021342,-0.01821387769974929,0.01692019909225735,0.25,0.2358927379612056,0.014107262038794394,1,0,10.925815373567445,59.81795054369372,61.70581479418698,6.256568684239678,4.861724428266287,0,1,1,0
435,8.700000000000001,a1_demo_run_001,Unitree A1,1.6266659660885563,0.33135902015087887,0.003817641788872824,-0.02152777532093885,0.016853745644408103,0.25,0.22059900338703975,0.02940099661296025,1,0,5.559011362882046,65.6928589888058,60.169722812110635,7.26742350707126,4.551507094450348,0,1,1,0
436,8.72,a1_demo_run_001,Unitree A1,1.6309194380776522,0.3300322989526018,0.0023721049354437688,-0.024226909485792158,0.016786286042770326,0.25,0.2126735994547956,0.03732640054520439,1,0,7.539756088888205,63.07592466683037,58.3554988724111,8.858025067124503,5.12760052597941,0,1,1,0
437,8.74,a1_demo_run_001,Unitree A1,1.6355053503670947,0.32895093230733097,0.0052566594805571795,-0.020555618327170185,0.016717819985329452,0.25,0.2292956144721236,0.0207043855278764,1,0,7.771915622643287,62.01342154043328,62.705106482896475,7.906984742325127,4.772769865350551,0,1,1,0
438,8.76,a1_demo_run_001,Unitree A1,1.6403340861797306,0.3234764336494987,0.006548162470759213,-0.0191077044314409,0.016648347216207133,0.25,0.241436790631797,0.008563209368203012,1,0,10.087893875050295,63.13053374771291,60.96003573922471,8.195027795677918,4.818762931929179,0,1,1,0
439,8.78,a1_demo_run_001,Unitree A1,1.644804610355795,0.32728134516218405,0.00467859881202839,-0.021216391386836075,0.016577867525742265,0.25,0.22352620880321394,0.026473791196786056,1,0,6.803260638149027,63.374429852627514,60.904305240569286,5.403764229042016,5.495608679198815,0,1,1,0
440,8.8,a1_demo_run_001,Unitree A1,1.649481573199782,0.3312651306398763,0.008209301574344444,-0.018561066839704782,0.016506380750570142,0.25,0.23384814219936034,0.016151857800639657,1,0,7.5000382103314465,62.367355639197214,59.15259873922751,7.670142927801624,4.793050465548865,0,1,1,0
441,8.82,a1_demo_run_001,Unitree A1,1.6538115263899444,0.32460567263410994,0.007550310011112758,-0.017271358695977984,0.01643388677369961,0.25,0.21649765950811678,0.03350234049188322,1,0,4.854847923277326,63.267297201458334,59.820341633660995,6.858523345461362,4.6215069846785335,0,1,1,0
442,8.84,a1_demo_run_001,Unitree A1,1.6578699527858645,0.3253646233463075,0.009734463306769286,-0.024065973186512876,0.01636038552458843,0.25,0.20292131979600325,0.04707868020399675,1,0,6.268653237258944,64.16229409724075,60.32028572399184,8.41310752290441,4.414916338537205,0,1,1,0
443,8.86,a1_demo_run_001,Unitree A1,1.6627317697012591,0.326598988448545,0.008585814187518312,-0.01943152512974164,0.0162858769792167,0.25,0.24309084576973328,0.006909154230266723,1,0,9.097300356932413,61.298946801190475,60.9292477651384,8.2205497934278,4.822784049065774,0,1,1,0
444,8.88,a1_demo_run_001,Unitree A1,1.6670489812921958,0.32768795182215,0.009288596219086901,-0.01817472386398713,0.016210361160158324,0.25,0.21586057954683754,0.034139420453162456,1,0,8.370262201135239,63.39367509682638,61.48349406290292,6.022994469087287,4.65510205817799,0,1,1,0
445,8.9,a1_demo_run_001,Unitree A1,1.6717378242059875,0.3268347591318774,0.008177684805610284,-0.017799042786426866,0.016133838136650615,0.25,0.23444214568958224,0.015557854310417757,1,0,8.285794111530727,64.13867457262644,59.95834386235158,7.110205122871076,4.994673306083884,0,1,1,0
446,8.92,a1_demo_run_001,Unitree A1,1.6764880536840798,0.325800225033179,0.013889060176999658,-0.0202331970118133,0.01605630802466194,0.25,0.23751147390461763,0.012488526095382368,1,0,9.425638559124748,63.50783033302176,59.089765915397024,7.172948286192949,4.676062987344813,0,1,1,0
447,8.94,a1_demo_run_001,Unitree A1,1.68139194036767,0.3222282629928206,0.01007423225848803,-0.018980536724895334,0.01597777098695749,0.25,0.245194334179514,0.004805665820485999,1,0,9.54979242236729,60.066095014454625,62.01702137987375,7.098489941643336,4.7828903270937335,0,1,1,0
448,8.96,a1_demo_run_001,Unitree A1,1.6857739566075605,0.3278559676924303,0.00896883005608574,-0.01709073149220452,0.015898227233163042,0.25,0.21910081199452597,0.030899188005474032,1,0,6.092676505020947,62.527846672359054,61.122025224347794,7.3276735743220325,5.091084255527846,0,1,1,0
449,8.98,a1_demo_run_001,Unitree A1,1.6905498427927952,0.3245373029594561,0.007756807918116556,-0.02226083309236658,0.015817677019826868,0.25,0.23879430926173809,0.011205690738261914,1,0,10.382166964571919,63.92612434067201,58.88935241655082,6.440106359833267,5.114090511413413,0,1,1,0
450,9.0,a1_demo_run_001,Unitree A1,1.6948416296998556,0.32417859248916214,0.012439315076039216,-0.019218803810934278,0.01573612065047966,0.25,0.21458934535301896,0.03541065464698104,1,0,9.129539504519354,62.73171521863621,60.0883293725987,8.734898132023334,4.963739920874988,0,1,1,0
451,9.02,a1_demo_run_001,Unitree A1,1.6990171933251854,0.32374086071899355,0.013504692936696126,-0.01903507076594751,0.015653558475692518,0.25,0.20877818126648628,0.041221818733513715,1,0,7.644586880243779,61.938650933889924,60.30565502589721,5.283687236220027,4.839139061897612,0,1,1,0
452,9.040000000000001,a1_demo_run_001,Unitree A1,1.7031537654861775,0.32626652127676836,0.00923738260361914,-0.019678934180987644,0.01556999089313302,0.25,0.20682860804960684,0.043171391950393156,1,0,8.097774477515852,65.86005231132863,60.86992569863982,4.870010769103692,4.598983072658865,0,1,1,0
453,9.06,a1_demo_run_001,Unitree A1,1.7077322867549727,0.31845484548482356,0.009890588483065177,-0.02334413781207123,0.015485418347619295,0.25,0.22892606343976438,0.021073936560235623,1,0,60.841742999102294,9.146716237899666,7.725819725846799,63.72179283835542,4.847194052824056,1,0,0,1
454,9.08,a1_demo_run_001,Unitree A1,1.7119107945798793,0.3208226790688122,0.011571369926505922,-0.021435443496132987,0.015399841331172196,0.25,0.20892539124532955,0.04107460875467045,1,0,61.51776693628494,8.951023400859974,6.152983845657678,60.336086989334085,4.753137258929145,1,0,0,1
455,9.1,a1_demo_run_001,Unitree A1,1.7170804455294992,0.32733677667956507,0.011887600795440635,-0.020872187167430813,0.01531326038306548,0.25,0.25848254748100324,0.008482547481003244,1,0,62.971614730456004,9.180763452800845,4.987155386055399,60.83970748172876,4.811145484701729,1,0,0,1
456,9.120000000000001,a1_demo_run_001,Unitree A1,1.7218777023965635,0.3254755789632987,0.012057182567514748,-0.02043735364949838,0.01522567608987404,0.25,0.23986284335320845,0.010137156646791545,1,0,62.357111040503334,9.452262690290043,5.551081641245384,64.26095080079398,4.432556521548675,1,0,0,1
457,9.14,a1_demo_run_001,Unitree A1,1.7266727696930195,0.3214544992463708,0.014043721934420285,-0.018317372768559985,0.015137089085520167,0.25,0.23975336482280887,0.010246635177191127,1,0,61.758884758017764,8.658016814915076,4.669795346570673,60.386775662224245,4.34244584007296,1,0,0,1
458,9.16,a1_demo_run_001,Unitree A1,1.7313057410718897,0.3284632564417029,0.013542836938863713,-0.022239499281026445,0.015047500051317884,0.25,0.2316485689435123,0.018351431056487705,1,0,61.24908821516523,7.860362342165799,6.627349343814383,60.8557768171241,5.048708093988812,1,0,0,1
459,9.18,a1_demo_run_001,Unitree A1,1.736077823079305,0.3216793554332841,0.01710150635295251,-0.022904518005497553,0.014956909716015217,0.25,0.23860410037076532,0.01139589962923468,1,0,62.41549370388009,7.239994356135978,8.795071663532456,60.20845572209935,4.913058781956032,1,0,0,1
460,9.200000000000001,a1_demo_run_001,Unitree A1,1.740526691764501,0.32348082540641176,0.014187277110315609,-0.021687554096134987,0.01486531885583462,0.25,0.22244343425979518,0.02755656574020482,1,0,61.49671343140619,6.722851458251324,7.601669933059909,61.77638827503391,4.785498476083989,1,0,0,1
461,9.22,a1_demo_run_001,Unitree A1,1.7448320824774348,0.32517269186954695,0.01275122052461347,-0.019380769914454973,0.014772728294511301,0.25,0.2152695356466848,0.0347304643533152,1,0,61.37656608453547,7.0667311677513185,7.140476613186388,60.85263336828054,4.66566692483239,1,0,0,1
462,9.24,a1_demo_run_001,Unitree A1,1.7491932182833763,0.32099000019812124,0.015484783011183844,-0.01993319923338217,0.01467913890332965,0.25,0.21805679029707348,0.03194320970292652,1,0,62.67011436330623,8.51313717557273,11.269652474860333,63.009457482152214,5.049031236082952,1,0,0,1
463,9.26,a1_demo_run_001,Unitree A1,1.753902561585992,0.32442512126721584,0.013055726632011802,-0.01577937241728967,0.014584551601157679,0.25,0.23546716513078925,0.014532834869210753,1,0,61.260010377995705,7.802901191515225,6.226089779290786,61.845784264767964,4.2578435305078415,1,0,0,1
464,9.28,a1_demo_run_001,Unitree A1,1.7584898049617255,0.32396452233382667,0.01799167608965483,-0.015794649189194022,0.014488967354479392,0.25,0.2293621687866777,0.0206378312133223,1,0,63.5879023254146,9.925947585514317,7.3581614497003205,61.25020062537897,4.487970845312761,1,0,0,1
465,9.3,a1_demo_run_001,Unitree A1,1.7631564278154497,0.32051562290663715,0.015961107877615885,-0.01996396215388107,0.014392387177425291,0.25,0.2333311426862074,0.016668857313792612,1,0,61.265073366539184,7.513516244227356,4.571614812747924,61.15669859552125,4.281409375080604,1,0,0,1
466,9.32,a1_demo_run_001,Unitree A1,1.7674089389447571,0.3191753819582807,0.016974846670095335,-0.014612867303235246,0.01429481213180079,0.25,0.21262555646537348,0.03737444353462652,1,0,60.07129349670911,9.132056624546411,6.324627298597869,61.78860307302713,4.707557109814543,1,0,0,1
467,9.34,a1_demo_run_001,Unitree A1,1.7721824269907474,0.32581289430480787,0.014223271749683773,-0.017707723197533314,0.014196243327112683,0.25,0.23867440229950632,0.011325597700493684,1,0,63.596661538955985,7.489078155791519,7.149339935738005,59.660254255592235,4.354284080183487,1,0,0,1
468,9.36,a1_demo_run_001,Unitree A1,1.7770670177783536,0.32209154082535874,0.015296826425933548,-0.019948508889525523,0.014096681920593629,0.25,0.24422953938031447,0.00577046061968553,1,0,63.340246616973964,7.678589794207834,5.2980940758081125,58.55315720712492,5.020818575206321,1,0,0,1
469,9.38,a1_demo_run_001,Unitree A1,1.7817457649815491,0.326756074025763,0.019762700277415824,-0.016323815344384845,0.013996129117224575,0.25,0.2339373601597729,0.0160626398402271,1,0,60.0833457169063,7.169216959173454,4.437910858340367,60.28201153574295,4.851145407522194,1,0,0,1
470,9.4,a1_demo_run_001,Unitree A1,1.7857880462631455,0.3236398818441638,0.0211280359686347,-0.015358261031918672,0.013894586169755247,0.25,0.2021140640798197,0.04788593592018031,1,0,61.522815136391124,7.2285393120639885,7.476655930483325,62.33216463156095,4.706733440114212,1,0,0,1
471,9.42,a1_demo_run_001,Unitree A1,1.7902461462454626,0.32252331212658736,0.01887348497805549,-0.013964500888057741,0.013792054378722584,0.25,0.22290499911585696,0.027095000884143045,1,0,61.940061661749624,9.33609307166628,7.58377244596444,60.62395043253717,4.890017921906748,1,0,0,1
472,9.44,a1_demo_run_001,Unitree A1,1.7948355356108987,0.32150270442504153,0.014871408930724474,-0.016352289132301447,0.013688535092467206,0.25,0.2294694682717981,0.020530531728201906,1,0,60.9529450629431,11.168825183254414,6.963161409836466,59.268728751215235,4.583282228725329,1,0,0,1
473,9.46,a1_demo_run_001,Unitree A1,1.7996929406779565,0.31922306593273403,0.019460075329488305,-0.01752040227691009,0.013584029707147845,0.25,0.24287025335289042,0.0071297466471095805,1,0,59.570890067179974,6.288442606416832,8.582914786741267,60.31356198735626,5.0742664595846705,1,0,0,1
474,9.48,a1_demo_run_001,Unitree A1,1.8043410679799665,0.32171395066362113,0.01611303552496152,-0.01639530783732104,0.01347853966675377,0.25,0.23240636510050433,0.01759363489949567,1,0,63.18480748468392,10.626657879141918,4.8165751716314364,60.05741005807091,4.278621838769879,1,0,0,1
475,9.5,a1_demo_run_001,Unitree A1,1.8091371747904343,0.31940537236726535,0.02007181144719434,-0.009925984375806322,0.013372066463115222,0.25,0.23980534052339633,0.010194659476603668,1,0,60.80006801604703,6.635204823956214,6.910444001283101,62.35199312470018,4.377299024928758,1,0,0,1
476,9.52,a1_demo_run_001,Unitree A1,1.8135138587638717,0.3243655823109721,0.014677234341084807,-0.014066665652325068,0.013264611635911777,0.25,0.21883419867186496,0.03116580132813504,1,0,60.91268621851535,7.493949139797794,4.431997539067957,60.023286630906334,4.4974069630979985,1,0,0,1
477,9.540000000000001,a1_demo_run_001,Unitree A1,1.817959837508317,0.32356112659804764,0.01979013715692326,-0.014083224173767258,0.013156176772678786,0.25,0.22229893722226202,0.027701062777737984,1,0,60.647982289389624,10.307475881299046,6.588408488924264,59.54620969055631,4.942748010323063,1,0,0,1
478,9.56,a1_demo_run_001,Unitree A1,1.822409251510474,0.3164787737097927,0.014880874381023491,-0.012524235019946116,0.013046763508811683,0.25,0.22247070010784487,0.027529299892155135,1,0,63.678284421024514,7.579527232912103,6.218237465073602,56.2018465920982,4.735400960062196,1,0,0,1
479,9.58,a1_demo_run_001,Unitree A1,1.8273540841600209,0.3179319964983677,0.017899660831324236,-0.010093303260335666,0.01293637352756837,0.25,0.2472416324773465,0.0027583675226534876,1,0,62.561179444869495,7.998452007185484,4.7278994749078675,58.93213032463681,4.706424009402585,1,0,0,1
480,9.6,a1_demo_run_001,Unitree A1,1.8315530274073704,0.3177446357494059,0.016954140612370123,-0.010387667534803583,0.012825008560069519,0.25,0.2099471623674701,0.0400528376325299,1,0,59.44870588907662,8.128755911128255,8.623523711088762,62.601934737768126,4.815279915314606,1,0,0,1
481,9.620000000000001,a1_demo_run_001,Unitree A1,1.8360774859032725,0.321920150849631,0.01980237488509119,-0.00968963599723728,0.012712670385296877,0.25,0.22622292479510356,0.023777075204896442,1,0,58.685341040549964,7.387717825187497,8.514613781787489,60.934345910704174,4.049854391229733,1,0,0,1
482,9.64,a1_demo_run_001,Unitree A1,1.840265102413748,0.3209894877041593,0.016933435279115717,-0.013430445735637741,0.012599360830089532,0.25,0.20938082552378054,0.04061917447621946,1,0,58.167322117443234,8.916453255525099,6.0749661672563,58.803713119112025,4.777155366651461,1,0,0,1
483,9.66,a1_demo_run_001,Unitree A1,1.8452884306758863,0.3209379137917241,0.017011104834023977,-0.011539638989649343,0.01248508176913817,0.25,0.2511664131069212,0.001166413106921227,1,0,61.94426075528136,7.111417922536315,7.341851638642599,58.71735350806185,4.629019560339889,1,0,0,1
484,9.68,a1_demo_run_001,Unitree A1,1.8501002467501788,0.31886084154726446,0.01468573968360258,-0.006626854185686176,0.01236983512497726,0.25,0.24059080371462827,0.009409196285371735,1,0,59.58514335488503,8.363754356267524,7.62977870204172,60.401700694324006,4.5816324674545665,1,0,0,1
485,9.700000000000001,a1_demo_run_001,Unitree A1,1.8545441913338383,0.32119051137932403,0.018411926821248727,-0.012423273223774262,0.012253622867975314,0.25,0.22219722918297785,0.02780277081702215,1,0,59.75984149297452,6.896800822100704,7.89765427310062,61.12789433331789,4.301066307431299,1,0,0,1
486,9.72,a1_demo_run_001,Unitree A1,1.8593583702611072,0.31526588519881743,0.016681997394415414,-0.01017703814649001,0.012136447016322946,0.25,0.24070894636344434,0.009291053636555663,1,0,60.93736125212332,6.706056009791697,7.719400270370947,59.491569607228286,4.43343716560906,1,0,0,1
487,9.74,a1_demo_run_001,Unitree A1,1.8641737321255767,0.3209326110535475,0.01748023989718541,-0.009630235037721622,0.012018309636019062,0.25,0.2407680932234722,0.009231906776527798,1,0,61.41744601825065,5.75057131946375,6.6333824364803595,60.35764619229242,3.635650272084927,1,0,0,1
488,9.76,a1_demo_run_001,Unitree A1,1.868762705225784,0.31948792431142253,0.020266112041616564,-0.0057202846882744365,0.011899212840854932,0.25,0.2294486550103695,0.020551344989630488,1,0,61.44257752567931,9.227619082888712,6.397367857759183,59.11033840604982,4.511360414125262,1,0,0,1
489,9.78,a1_demo_run_001,Unitree A1,1.8734910359002714,0.31909147324340487,0.01847726520826777,-0.0021441998139131247,0.011779158792396239,0.25,0.23641653372437596,0.01358346627562404,1,0,61.82114687625344,11.440821117976762,7.990424834885314,59.849935370317176,4.285077935602665,1,0,0,1
490,9.8,a1_demo_run_001,Unitree A1,1.8780951457831287,0.3176768014049392,0.02050494230352579,-0.0034469052591869238,0.011658149699963115,0.25,0.23020549414286587,0.01979450585713413,1,0,63.30513895088981,9.062113806713546,8.029478550316266,58.51834876593597,4.512244213677988,1,0,0,1
491,9.82,a1_demo_run_001,Unitree A1,1.8827035154205165,0.3113073962337373,0.013911540327623319,-0.008798817538734348,0.011536187820608118,0.25,0.23041848186938238,0.01958151813061762,1,0,59.558409467971174,9.67339241220574,8.882636095720057,60.05163201150712,4.315311317515295,1,0,0,1
492,9.84,a1_demo_run_001,Unitree A1,1.8869483221670595,0.32085865099179756,0.01803097999748262,-0.0052182856162326634,0.011413275459092176,0.25,0.21224033732714948,0.037759662672850525,1,0,61.517057062842156,7.594895670505801,8.71810912509818,57.28171182097847,4.434211044456079,1,0,0,1
493,9.86,a1_demo_run_001,Unitree A1,1.8913857147493638,0.31554826655199397,0.018375275864846895,-0.0049147143445978396,0.011289414967858508,0.25,0.22186962911521696,0.02813037088478304,1,0,62.97917840639673,8.102334998008724,5.990993098832366,55.537936129222246,4.476535011281683,1,0,0,1
494,9.88,a1_demo_run_001,Unitree A1,1.8962202842715523,0.3190489937206538,0.014846900828352189,-0.007925472166269112,0.01116460874700449,0.25,0.241728476109429,0.008271523890571009,1,0,58.52480731439573,8.6232133225686,8.734495693683803,59.59825583399725,4.3724762798142205,1,0,0,1
495,9.9,a1_demo_run_001,Unitree A1,1.9009272506801105,0.31579083002057623,0.015295703907816274,-0.005739874285450016,0.011038859244251499,0.25,0.23534832042791212,0.014651679572087878,1,0,58.94579344158407,8.244000271613102,6.173540080835409,56.62540221138825,4.747708180774808,1,0,0,1
496,9.92,a1_demo_run_001,Unitree A1,1.9061201221328286,0.3193719720672833,0.01589265324993555,-0.004619176283890062,0.010912168954912692,0.25,0.25964357263589866,0.009643572635898656,1,0,58.752124629206826,8.269977978168079,6.103204344936696,59.67633174570574,4.04257448799934,1,0,0,1
497,9.94,a1_demo_run_001,Unitree A1,1.9111066855004695,0.3175461350938307,0.017465409371482422,-0.0018065495060395923,0.010784540421858786,0.25,0.24932816838204339,0.0006718316179566142,1,0,60.87720565315011,7.9489390991152105,7.572567443217983,56.71348528296879,4.555103805870617,1,0,0,1
498,9.96,a1_demo_run_001,Unitree A1,1.9158934354986052,0.3196012197427045,0.019145228318516175,0.0007921419572155439,0.010655976235481757,0.25,0.2393374999067875,0.010662500093212512,1,0,61.44957995156572,7.849102288380658,6.0222422951097805,60.09759696756375,4.793515301153408,1,0,0,1
499,9.98,a1_demo_run_001,Unitree A1,1.920100881942693,0.3169944959528751,0.01407202001251291,-0.0052014926219929435,0.010526479033656522,0.25,0.21037232220438745,0.03962767779561255,1,0,60.93140525203271,7.509049176657816,8.444221034186315,58.04442726486967,4.591892769023558,1,0,0,1
500,10.0,a1_demo_run_001,Unitree A1,1.9246266385074124,0.3188386474419639,0.017771694493110182,-0.003075861828230624,0.010396051501700585,0.25,0.2262878282359676,0.023712171764032397,1,0,59.42655905429303,6.9986504987719815,7.589271336223664,57.9771617866371,4.988245241854148,1,0,0,1
501,10.02,a1_demo_run_001,Unitree A1,1.929356342664969,0.31819898499823157,0.01566478897065626,-0.001871626756761792,0.010264696372331624,0.25,0.2364852078778198,0.013514792122180208,1,0,56.61695974687795,7.097498663928579,6.324773466615329,58.76277087031819,4.912587866199897,1,0,0,1
502,10.040000000000001,a1_demo_run_001,Unitree A1,1.9345125390354274,0.311523431050713,0.01805573361565966,-0.00302864485910171,0.010132416425623063,0.25,0.2578098185229281,0.007809818522928114,1,0,58.67091888769145,11.079607749711894,7.0558486707542665,59.37367922121953,4.505787085731894,1,0,0,1
503,10.06,a1_demo_run_001,Unitree A1,1.9393140867522354,0.3199310253642339,0.013530569145954385,-0.006133558823974469,0.009999214488957575,0.25,0.2400773858403999,0.009922614159600107,1,0,60.07717645699745,3.8587855090064807,8.217613499658423,57.14953946673741,4.739118784376496,1,0,0,1
504,10.08,a1_demo_run_001,Unitree A1,1.943653184815148,0.3179055251272598,0.015197673140392717,-0.005480338448420748,0.009865093436978575,0.25,0.21695490314563223,0.03304509685436777,1,0,61.17795017063427,9.899451683052428,6.625141805290127,56.67841415751774,4.66161455774371,1,0,0,1
505,10.1,a1_demo_run_001,Unitree A1,1.9485596282331876,0.31654534932584233,0.016045923686949428,0.00013586428971223876,0.009730056191539651,0.25,0.24532217090198144,0.00467782909801856,1,0,60.38552042904023,6.324183886413656,7.674527813204442,56.886028300647645,4.58429760765056,1,0,0,1
506,10.120000000000001,a1_demo_run_001,Unitree A1,1.9535131157728736,0.316143226330216,0.014582445742653046,-0.002603464383274996,0.009594105721651976,0.25,0.24767437698429937,0.002325623015700634,1,0,59.81144301011059,7.90175136691837,5.381199732891314,60.292332249288584,4.984248347963355,1,0,0,1
507,10.14,a1_demo_run_001,Unitree A1,1.9585213097223868,0.3178303832812237,0.012882242940408678,0.003112836109705734,0.009457245043429652,0.25,0.25040969747565667,0.00040969747565666736,1,0,61.78676501958352,7.178394928394441,6.595431679589585,57.41066780949427,4.576106082413641,1,0,0,1
508,10.16,a1_demo_run_001,Unitree A1,1.9635829057001304,0.3139163582028897,0.010810596746410642,0.003974397328850887,0.009319477220033089,0.25,0.25307979888717885,0.003079798887178853,1,0,57.33985324040766,7.118733873382985,7.250214616596429,55.97448766575163,4.789636670226649,1,0,0,1
509,10.18,a1_demo_run_001,Unitree A1,1.9680837744550044,0.31571610179560905,0.015263342023224269,0.002387744796358087,0.009180805361610212,0.25,0.2250434377437033,0.024956562256296694,1,0,8.810043795430145,56.939521780025274,56.84253570306526,5.4418496710549285,4.6909867476290055,0,1,1,0
510,10.200000000000001,a1_demo_run_001,Unitree A1,1.9727916898113498,0.31601429121593866,0.013450329340164846,0.002894405253150529,0.00904123262523578,0.25,0.2353957678172706,0.01460423218272941,1,0,8.900667523862616,58.08114263962665,58.508793724273964,7.376646164085865,4.799316648351636,0,1,1,0
511,10.22,a1_demo_run_001,Unitree A1,1.9776311151829429,0.3212387539864584,0.0095030858779295,0.0023819233734635533,0.008900762214848573,0.25,0.24197126857964946,0.008028731420350543,1,0,9.683667011115054,58.442008873537326,56.27867341636664,9.425742985288544,4.784245788575725,0,1,1,0
512,10.24,a1_demo_run_001,Unitree A1,1.9825717437982668,0.3138959445543025,0.011405044138617093,0.0044120635361457865,0.008759397381186586,0.25,0.24703143076619705,0.0029685692338029535,1,0,9.408611780485478,57.84319770110437,56.09186356286772,9.290997308238655,4.408908249037224,0,1,1,0
513,10.26,a1_demo_run_001,Unitree A1,1.987150620340507,0.3119938851626811,0.00710841390812522,0.002474941934106119,0.008617141421720176,0.25,0.2289438271120065,0.021056172887993496,1,0,7.7256591951940425,57.7900646962015,53.76271753472472,6.517270076966867,4.71146013742044,0,1,1,0
514,10.28,a1_demo_run_001,Unitree A1,1.9921176789307815,0.314173346939659,0.012443748986286817,0.0027587848524298223,0.008473997680583174,0.25,0.24835292951372637,0.001647070486273633,1,0,10.086425876732417,58.38556188431386,54.86923585220049,6.576661504478904,4.7709303263473215,0,1,1,0
515,10.3,a1_demo_run_001,Unitree A1,1.9970549971138885,0.3146096064634742,0.012535157661238902,0.010882936557126965,0.008329969548501969,0.25,0.2468659091553521,0.003134090844647913,1,0,8.775914267308947,60.083074655102635,56.47334582931962,7.810893208149389,4.979374109892586,0,1,1,0
516,10.32,a1_demo_run_001,Unitree A1,2.001243800648244,0.3148797159790059,0.005144473966733133,0.005428355081965383,0.008185060462722576,0.25,0.2094401767177616,0.040559823282238394,1,0,5.952593038658751,59.490854894908274,58.76537685747705,5.394022463205944,4.542850523896832,0,1,1,0
517,10.34,a1_demo_run_001,Unitree A1,2.0061381129844422,0.3155970299181697,0.009392228318934763,0.0031546132775677835,0.008039273906935642,0.25,0.24471561680990964,0.005284383190090364,1,0,9.993746684721557,56.97435697202398,55.83160009497526,8.054308450832817,5.027736539731508,0,1,1,0
518,10.36,a1_demo_run_001,Unitree A1,2.010943767939088,0.31752529204682345,0.008643440182756963,0.006185280139673219,0.007892613411199454,0.25,0.240282747732291,0.009717252267709003,1,0,8.795857774102695,57.1140948109995,55.59339884086997,5.881937156382971,4.589775733315847,0,1,1,0
519,10.38,a1_demo_run_001,Unitree A1,2.0155402378729734,0.31689853228933457,0.008567302502028555,0.002523708950481779,0.007745082551860909,0.25,0.22982349669426097,0.02017650330573903,1,0,7.854719646751,59.98974897029564,55.46212891238993,7.391437880679141,4.438277987576449,0,1,1,0
520,10.4,a1_demo_run_001,Unitree A1,2.0201808781677726,0.316149989143083,0.011569372523870648,0.006102931754555757,0.007596684951474459,0.25,0.23203201473995116,0.017967985260048835,1,0,9.570257395643518,58.589944982990374,54.67772675043905,7.002693554828069,5.27551313005479,0,1,1,0
521,10.42,a1_demo_run_001,Unitree A1,2.025044989902639,0.3224041729056526,0.0056801060797363806,0.00644201869538606,0.007447424278719037,0.25,0.2432055867433179,0.006794413256682091,1,0,7.417930202094889,55.404875843468886,55.61548073887682,6.292554204513821,4.407272792221295,0,1,1,0
522,10.44,a1_demo_run_001,Unitree A1,2.030204690162394,0.3189177265713357,0.005232214876901535,0.006052313633470978,0.007297304248312953,0.25,0.2579850129877393,0.007985012987739293,1,0,8.463041465200824,57.79046694888102,55.814130081021425,4.058748431058812,4.568111141915625,0,1,1,0
523,10.46,a1_demo_run_001,Unitree A1,2.035088037650732,0.31807639749401784,0.004408252192657466,0.012697802992440464,0.007146328620926782,0.25,0.24416737441691075,0.0058326255830892515,1,0,6.092105105940107,59.052401408432296,57.908757639374436,8.199606157797222,4.416857269923871,0,1,1,0
524,10.48,a1_demo_run_001,Unitree A1,2.0394726204889757,0.3159877843210118,0.006546097881285212,0.008188549055200672,0.0069945012030942205,0.25,0.2192291419121889,0.030770858087811104,1,0,8.133922851426647,58.28988728974118,55.19986416499685,8.665789832512221,5.1174271115697625,0,1,1,0
525,10.5,a1_demo_run_001,Unitree A1,2.0441269619869415,0.31395984522895193,0.002767227538251305,0.00865088978093987,0.006841825847120946,0.25,0.23271707489828888,0.017282925101711116,1,0,6.826748768379137,56.86859562236141,55.795558514810544,8.394835660955197,5.157184074138336,0,1,1,0
526,10.52,a1_demo_run_001,Unitree A1,2.048898468263665,0.3168230049103669,-0.0001131531833771281,0.009914052507023808,0.006688306450991435,0.25,0.23857531383617647,0.011424686163823528,1,0,6.666998328766362,56.824568751369206,56.33817607443347,6.651821789088681,4.997762197924747,0,1,1,0
527,10.540000000000001,a1_demo_run_001,Unitree A1,2.0530688741760112,0.31111185016024906,0.004025131753012919,0.005578922875890351,0.006533946958273798,0.25,0.20852029561731783,0.04147970438268217,1,0,6.4184878757203405,57.23106417700992,53.96374416678834,8.157173155769884,4.784626970341026,0,1,1,0
528,10.56,a1_demo_run_001,Unitree A1,2.057835895163078,0.31419888645582267,0.007583400437388676,0.0063860203692396,0.0063787513580225875,0.25,0.23835104935335527,0.011648950646644729,1,0,7.50280221345139,58.3527452294665,53.22940138580335,6.285907593942586,4.6182837041175,0,1,1,0
529,10.58,a1_demo_run_001,Unitree A1,2.062433244928034,0.3144187499853707,0.000818385005493129,0.010958730881100946,0.006222723684679588,0.25,0.22986748824778083,0.020132511752219168,1,0,9.07515057360607,57.02279099659863,54.52663233597543,7.760855859088776,4.60483558373489,0,1,1,0
530,10.6,a1_demo_run_001,Unitree A1,2.0670874159104495,0.31290612187643085,0.0012745724221969034,0.012881630079649284,0.006065868017972669,0.25,0.23270854912079544,0.017291450879204556,1,0,7.8148699936968695,60.37726386063008,55.8134537139233,8.090235810365582,4.894093944391479,0,1,1,0
531,10.620000000000001,a1_demo_run_001,Unitree A1,2.0715651417869605,0.32085989888601907,0.0011532598310109454,0.015485228814683557,0.0059081884828125,0.25,0.22388629382554054,0.02611370617445946,1,0,8.216453280468384,57.77594115527397,56.57393418312702,8.536381542706575,4.503328879144687,0,1,1,0
532,10.64,a1_demo_run_001,Unitree A1,2.0764180473918006,0.31918963417956914,-0.0004937812935205022,0.013338157055465715,0.00574968924918741,0.25,0.24264528024200274,0.007354719757997258,1,0,8.121180535646474,57.16272554414016,55.991467065538515,4.687709705868997,4.595112646841266,0,1,1,0
533,10.66,a1_demo_run_001,Unitree A1,2.080925328124087,0.3151366130113521,-0.0030065202185990333,0.011322641635282932,0.005590374532056154,0.25,0.22536403661433915,0.024635963385660847,1,0,8.896353884137401,58.51526928754316,57.29933256812183,6.734648512109199,4.618701967985584,0,1,1,0
534,10.68,a1_demo_run_001,Unitree A1,2.085425401940256,0.31315854179487723,0.0024656532029239692,0.012799911832992426,0.005430248591238734,0.25,0.2250036908084351,0.024996309191564897,1,0,9.286528378688985,54.578979228176856,53.409246399123454,9.07481822229974,4.336220235504275,0,1,1,0
535,10.700000000000001,a1_demo_run_001,Unitree A1,2.0902177315490045,0.31808134708111124,0.0003382219399867954,0.009420093095775652,0.005269315731305204,0.25,0.2396164804374127,0.01038351956258729,1,0,8.475958576134278,57.771377844664265,54.106328113498016,7.681197065302669,4.855513124253579,0,1,1,0
536,10.72,a1_demo_run_001,Unitree A1,2.095188695624575,0.316388508145224,-0.00023192908904478345,0.012811015252034989,0.005107580301462487,0.25,0.24854820377853942,0.0014517962214605773,1,0,7.731915768240566,55.94141723613914,52.3810721205395,6.550964014206843,4.479443755943691,0,1,1,0
537,10.74,a1_demo_run_001,Unitree A1,2.0998270368347405,0.31575106300977585,-0.0035348445263413456,0.011203216400709887,0.004945046695439216,0.25,0.23191706050826993,0.018082939491730066,1,0,7.29349467585917,56.25846983021885,55.37767349380128,8.36143587908336,4.722822874868436,0,1,1,0
538,10.76,a1_demo_run_001,Unitree A1,2.104517496128148,0.3181345344948161,-0.002990726535726265,0.014292955506021209,0.00478171935136858,0.25,0.23452296467036887,0.015477035329631128,1,0,9.325064895868664,55.86724741066937,56.28000050972716,4.992062998952818,4.566245476299879,0,1,1,0
539,10.78,a1_demo_run_001,Unitree A1,2.109480899243846,0.31390152955145223,-0.00027586536263700953,0.014717590449389927,0.004617602751669204,0.25,0.2481701557849214,0.001829844215078591,1,0,7.746445139401891,55.770368253683905,54.624451857049245,7.563673309348268,4.510737281385567,0,1,1,0
540,10.8,a1_demo_run_001,Unitree A1,2.1143719293711034,0.31700306548125445,-0.0004009427198180299,0.013554948198295442,0.004452701422924024,0.25,0.2445515063628599,0.005448493637140089,1,0,9.679480993702597,56.148155877306806,53.965410511729765,5.29346983612874,4.518180724196997,0,1,1,0
541,10.82,a1_demo_run_001,Unitree A1,2.119176837791111,0.3221874181694118,-0.002928856078461208,0.017670899906601867,0.0042870199357572265,0.25,0.24024542100038837,0.00975457899961163,1,0,10.108618114355568,53.769904783890446,54.048774928954295,7.000025729886834,4.29738320240013,0,1,1,0
542,10.84,a1_demo_run_001,Unitree A1,2.1242267035422313,0.31828480684671423,-0.008208070627798391,0.017294484544622735,0.004120562904709178,0.25,0.25249328755600986,0.00249328755600986,0,1,6.947066469767538,58.37097614638228,52.58860654776552,4.722230836749717,7.38141580511718,0,1,1,0
543,10.86,a1_demo_run_001,Unitree A1,2.1292165751095924,0.3177396185438845,-0.004761184939131853,0.021777302570421077,0.0039533349881094165,0.25,0.24949357836806083,0.0005064216319391746,0,1,9.111564242700345,56.531757121211214,52.282000080195246,7.011306664166462,7.1912442325129025,0,1,1,0
544,10.88,a1_demo_run_001,Unitree A1,2.133757002282673,0.321488088184399,-0.0046050472784134955,0.013083836379491306,0.0037853408879476628,0.25,0.22702135865402395,0.022978641345976047,0,1,7.851854021316431,56.24959637170269,53.11107433873227,7.45042681522605,7.396394264735613,0,1,1,0
545,10.9,a1_demo_run_001,Unitree A1,2.138285989813137,0.319579385866372,-0.0058209249347510456,0.014567318180987884,0.003616585349742874,0.25,0.22644937652320948,0.023550623476790516,0,1,6.961921457723297,58.937769757265045,53.30210536539853,7.388873234236796,7.167938365859477,0,1,1,0
546,10.92,a1_demo_run_001,Unitree A1,2.143511905149419,0.3210079519197829,-0.007300996310279424,0.021130650360690662,0.003447073162410342,0.25,0.26129576681410643,0.011295766814106434,0,1,9.760496623961432,54.08262608890936,52.87009428180124,5.442668242562586,7.493662836138755,0,1,1,0
547,10.94,a1_demo_run_001,Unitree A1,2.148117051338892,0.3154588985503737,-0.008004272748726601,0.01954896586414805,0.00327680915812684,0.25,0.23025730947363915,0.01974269052636085,0,1,7.665345847095614,53.42957139122633,51.637311845851244,7.312395079049793,7.725151386578284,0,1,1,0
548,10.96,a1_demo_run_001,Unitree A1,2.1524499892066795,0.31523903768938116,-0.005513166345382505,0.013719040581868796,0.003105798212193814,0.25,0.21664689338938892,0.03335310661061108,1,0,6.482632273915103,56.98526320272104,53.88972067599075,8.963246680013462,5.186389026526078,0,1,1,0
549,10.98,a1_demo_run_001,Unitree A1,2.1571539693959254,0.31716961725342857,-0.007663636985650233,0.015330239960211076,0.0029340452428986323,0.25,0.23519900946228958,0.014800990537710418,1,0,7.806543814234883,53.55545456110786,52.75674758576865,9.001272417617749,4.920633066996881,0,1,1,0
550,11.0,a1_demo_run_001,Unitree A1,2.161972320043923,0.31512371032124714,-0.00802191765177867,0.015126723348243035,0.002761555211373894,0.25,0.24091753239986613,0.00908246760013387,1,0,8.72832516098304,56.1569093992252,53.245402730156684,6.159817555293629,4.509024981841877,0,1,1,0
551,11.02,a1_demo_run_001,Unitree A1,2.166974537045622,0.314196621307715,-0.008807807546608487,0.016392682803074585,0.0025883331214547937,0.25,0.25011085008494927,0.00011085008494926551,1,0,8.35229001742307,55.139956623555925,54.3228491515588,8.172837731508217,4.650980511353116,0,1,1,0
552,11.040000000000001,a1_demo_run_001,Unitree A1,2.1722319000827404,0.3213210128305687,-0.011619785371203516,0.01999177840592825,0.002414384019534547,0.25,0.26286815185591317,0.012868151855913168,1,0,7.351568712790779,55.80603193416169,51.0269658307803,6.70826129260063,4.3406932611829,0,1,1,0
553,11.06,a1_demo_run_001,Unitree A1,2.1770189166249367,0.316458147018156,-0.013316701998047634,0.01898969131826574,0.0022397129944179512,0.25,0.23935082710981678,0.010649172890183217,1,0,8.289011508743418,53.995905605183914,54.18735708211869,5.997938883523867,4.301289395828507,0,1,1,0
554,11.08,a1_demo_run_001,Unitree A1,2.1813311873605588,0.3134045989964208,-0.008107599676521984,0.022311228417742107,0.0020643251771728776,0.25,0.2156135367810984,0.0343864632189016,1,0,8.636099955713174,55.443465378787224,53.77368531838402,8.11868682694112,4.595442271525085,0,1,1,0
555,11.1,a1_demo_run_001,Unitree A1,2.1859725712013107,0.3180914611720213,-0.007339376525892902,0.017338315206962086,0.001888225740979991,0.25,0.23206919203759652,0.017930807962403483,1,0,7.66554913075534,56.65585080628672,52.93719230857805,5.812080968072638,4.449067424816495,0,1,1,0
556,11.120000000000001,a1_demo_run_001,Unitree A1,2.190918538553675,0.31745275942391776,-0.004560198801790674,0.021397469528334562,0.0017114199009804728,0.25,0.24729836761820986,0.0027016323817901366,1,0,5.401401334279345,57.65550235098928,52.16453581530154,10.0374377241726,4.595736552734413,0,1,1,0
557,11.14,a1_demo_run_001,Unitree A1,2.1960761277706724,0.31740786331588355,-0.012155806058865404,0.01769332398734612,0.0015339129141218556,0.25,0.2578794608498678,0.007879460849867792,1,0,9.300821057336847,53.01556328412032,54.89837465744092,9.454158679204687,4.8753783471448475,0,1,1,0
558,11.16,a1_demo_run_001,Unitree A1,2.2008266904089884,0.31795135092559407,-0.012222103182594935,0.021500919846079953,0.0013557100790019423,0.25,0.23752813191579558,0.012471868084204418,1,0,8.721246140156744,52.47966935533655,51.662945783822366,6.633832950306465,4.940053096739995,0,1,1,0
559,11.18,a1_demo_run_001,Unitree A1,2.2054255024708533,0.3188200764189501,-0.009641150486536968,0.024731293061537027,0.0011768167357108252,0.25,0.22994060309323855,0.02005939690676145,1,0,5.348097534259527,57.41034863025497,50.684873488456134,5.418446890126987,4.5388223392940015,0,1,1,0
560,11.200000000000001,a1_demo_run_001,Unitree A1,2.210133522496493,0.31531484229175377,-0.012518907373586364,0.019159980121933963,0.0009972382656710079,0.25,0.23540100128198355,0.014598998718016454,1,0,8.644027142744369,53.915963758833165,53.12447509410411,7.799364779788947,4.3263242718113855,0,1,1,0
561,11.22,a1_demo_run_001,Unitree A1,2.2145980085996184,0.31740084879997205,-0.014015859880105463,0.025431451972200057,0.0008169800914756315,0.25,0.22322430515625713,0.02677569484374287,1,0,8.414501733119673,55.081461244090086,53.55046207147399,6.213740593617743,4.473418595413905,0,1,1,0
562,11.24,a1_demo_run_001,Unitree A1,2.2191407630838698,0.318623429927383,-0.01191620553734124,0.019071549722457285,0.0006360476767248124,0.25,0.227137724212564,0.022862275787435993,1,0,7.592876272348092,54.70997272021186,54.292196151446795,6.30764738489041,4.929788651678813,0,1,1,0
563,11.26,a1_demo_run_001,Unitree A1,2.224510778839735,0.32064237481773855,-0.012558091235726866,0.018195835933677955,0.00045444652586009744,0.25,0.26850078779326075,0.018500787793260753,1,0,8.80863263624393,52.63655987917732,52.94715001362207,5.152870936454049,4.487521426637635,0,1,1,0
564,11.28,a1_demo_run_001,Unitree A1,2.2297279213726937,0.318619600088383,-0.01589683437681837,0.019056535144213696,0.0002721821839970393,0.25,0.2608571266479338,0.010857126647933812,1,0,9.912388940303025,53.2747934487352,52.82091132190917,8.1198673049754,4.498516866749575,0,1,1,0
565,11.3,a1_demo_run_001,Unitree A1,2.2343998220016603,0.31581919065405745,-0.01640131502076913,0.01760180781198623,8.926023675589833e-05,0.25,0.2335950314483271,0.016404968551672894,1,0,6.360871276308011,55.00037636813939,54.26580000187529,6.030787350833475,4.4607216016947016,0,1,1,0
566,11.32,a1_demo_run_001,Unitree A1,2.2389240864862887,0.3203969458247418,-0.017256131897827882,0.021749062102300792,-9.431368990952414e-05,0.25,0.22621322423142487,0.02378677576857513,1,0,55.75283253322715,7.620733988050433,4.6401637805741265,53.10095223299106,4.955317641538888,1,0,0,1
567,11.34,a1_demo_run_001,Unitree A1,2.243949587042432,0.315926352201908,-0.019798037496507388,0.019756723187271747,-0.00027853392988491546,0.25,0.25127502780718486,0.0012750278071848586,1,0,54.36646505609831,9.08408444425139,7.90958029510919,54.81504285485696,5.108567788359102,1,0,0,1
568,11.36,a1_demo_run_001,Unitree A1,2.2489422849651106,0.31903447488478026,-0.017225750122573706,0.019862338000497637,-0.00046339477707033945,0.25,0.24963489613393,0.000365103866069999,1,0,53.37965400316538,6.139438835197554,6.970328280634466,54.58564601861129,4.667182017686218,1,0,0,1
569,11.38,a1_demo_run_001,Unitree A1,2.253890820149297,0.3203314163542074,-0.014191783025340089,0.02143648959626636,-0.0006488904855569776,0.25,0.2474267592093285,0.002573240790671505,1,0,54.42805452313182,7.300985157711774,5.98515238239269,51.89334866766332,4.184068521848421,1,0,0,1
570,11.4,a1_demo_run_001,Unitree A1,2.2582545619951033,0.31866179270366096,-0.016840842213414208,0.02197475040001526,-0.0008350152698057151,0.25,0.2181870922903043,0.03181290770969569,1,0,53.744104967192776,8.19291790848658,6.429326009807308,53.94453631079275,4.543486699963608,1,0,0,1
571,11.42,a1_demo_run_001,Unitree A1,2.263059479388425,0.3211658582787696,-0.01913001618025597,0.021573085958159578,-0.0010217633048275716,0.25,0.24024586966608935,0.009754130333910649,1,0,52.27928417320858,8.02878078820849,8.696397333454133,52.31240122207314,5.069977837124241,1,0,0,1
572,11.44,a1_demo_run_001,Unitree A1,2.2676829549947524,0.31900832814157665,-0.017697458563133525,0.017453957676508543,-0.0012091287263659648,0.25,0.23117378031637273,0.01882621968362727,1,0,54.04911214552809,7.344924281780692,9.728438778617281,52.782239094808155,4.190183529951375,1,0,0,1
573,11.46,a1_demo_run_001,Unitree A1,2.272779052204773,0.3181042788155535,-0.014457349554925832,0.021175565057669148,-0.0013971056310808072,0.25,0.254804860501017,0.0048048605010170276,1,0,55.98775052208489,7.117123744294022,6.659245569611951,51.962923266968566,4.305065642278514,1,0,0,1
574,11.48,a1_demo_run_001,Unitree A1,2.27697134170062,0.3191956295243189,-0.01717641216591264,0.021127111229336144,-0.0015856880767344385,0.25,0.20961447479234743,0.04038552520765257,1,0,54.479764691990965,8.322361317272696,7.197582000712827,55.208552836394475,4.699157170905123,1,0,0,1
575,11.5,a1_demo_run_001,Unitree A1,2.2819967235203102,0.3205623483544216,-0.01889479109639904,0.02013277248737117,-0.0017748700823793059,0.25,0.25126909098451866,0.0012690909845186615,1,0,52.910051677394115,5.119107140964008,7.132655691581517,50.67327887407372,4.571743335864448,1,0,0,1
576,11.52,a1_demo_run_001,Unitree A1,2.286677273445393,0.32155859572985185,-0.017140705019304123,0.018095119439880847,-0.001964645628547604,0.25,0.23402749625413916,0.015972503745860844,1,0,54.44470367586421,8.802051563208927,8.303628241326644,52.33208438284775,4.840909006522358,1,0,0,1
577,11.540000000000001,a1_demo_run_001,Unitree A1,2.2917326108072245,0.31615121415795555,-0.01909171011969574,0.024699039798455533,-0.002155008657442572,0.25,0.25276686809156085,0.002766868091560848,1,0,53.232507059182026,8.31652756842653,11.166280442043375,53.01332259579298,4.498750352816981,1,0,0,1
578,11.56,a1_demo_run_001,Unitree A1,2.296444344866934,0.3212912052261799,-0.018041734749159627,0.020298616902789075,-0.002345953073131669,0.25,0.23558670298546375,0.014413297014536253,1,0,53.645266974790694,7.143945702138517,3.191831858183666,52.68399156966854,4.808545486646973,1,0,0,1
579,11.58,a1_demo_run_001,Unitree A1,2.3015657684642856,0.31957800278238196,-0.017405943687656786,0.022362667902541815,-0.0025374727417415218,0.25,0.2560711798676001,0.006071179867600085,1,0,53.81109421719225,11.006500424736142,9.060015081490555,52.25818598032525,4.518052222139428,1,0,0,1
580,11.6,a1_demo_run_001,Unitree A1,2.306324898054371,0.3233657138065147,-0.023338473895599714,0.02317214858420685,-0.0027295614916546724,0.25,0.23795647950426982,0.012043520495730181,1,0,52.20558122367758,11.657164099642323,7.485386618707441,55.21462963417825,4.609037847829334,1,0,0,1
581,11.620000000000001,a1_demo_run_001,Unitree A1,2.3110043640253486,0.31609269239825305,-0.018565545346089354,0.019566633253425104,-0.002922213113708094,0.25,0.23397329854889126,0.016026701451108738,1,0,51.54086988769062,6.984367990433641,7.901649815172403,51.08582100213643,4.930789409083043,1,0,0,1
582,11.64,a1_demo_run_001,Unitree A1,2.315714519877047,0.32200530402039734,-0.019338131537216294,0.01837051614354527,-0.003115421361393492,0.25,0.23550779258492552,0.014492207415074482,1,0,53.47045663989552,4.358851605454792,6.9785897386267335,50.83667309406713,4.3547297417779705,1,0,0,1
583,11.66,a1_demo_run_001,Unitree A1,2.3208964688723217,0.3196330283699717,-0.020558172266910115,0.021157486099413706,-0.003309179951059374,0.25,0.2590974497637258,0.009097449763725785,1,0,51.92179139207268,7.9369622224039675,4.815981715627844,52.19581857316819,4.574418689909361,1,0,0,1
584,11.68,a1_demo_run_001,Unitree A1,2.325539790554816,0.32018972999435585,-0.021070744187883423,0.021055478397175417,-0.0035034825621148733,0.25,0.23216608412471623,0.017833915875283768,1,0,48.298497703409424,9.60062841621288,8.216024173599356,52.79601698197713,4.638009368212832,1,0,0,1
585,11.700000000000001,a1_demo_run_001,Unitree A1,2.3304520014114574,0.31872998530621693,-0.018005344825489867,0.021520965042668087,-0.003698322837235341,0.25,0.24561054283207795,0.004389457167922051,1,0,54.9593674829634,9.332531227605072,8.122774883976627,51.4700258000293,4.719284413007844,1,0,0,1
586,11.72,a1_demo_run_001,Unitree A1,2.3354974110044506,0.3248449582874385,-0.016246494484058,0.02137651311762398,-0.0038936943825696752,0.25,0.25227047964965327,0.0022704796496532675,1,0,51.89583917200121,9.271003971783424,6.400976012447424,51.50549213080604,4.278920475437851,1,0,0,1
587,11.74,a1_demo_run_001,Unitree A1,2.340073303360694,0.31833130450752695,-0.018640277532381688,0.02280182626701648,-0.004089590767949404,0.25,0.22879461781218893,0.021205382187811067,1,0,53.05467701675962,9.980153467254588,5.545029072881061,52.32500711276864,4.354153312650474,1,0,0,1
588,11.76,a1_demo_run_001,Unitree A1,2.3449305693617113,0.32392623782867264,-0.01717476153500309,0.02010709278168938,-0.004286005527099495,0.25,0.24286330005085016,0.007136699949149838,1,0,51.44306924037133,8.049369349557697,7.24168819370236,52.0813029954444,4.334209037489189,1,0,0,1
589,11.78,a1_demo_run_001,Unitree A1,2.3497089629091628,0.3184528220663927,-0.013017225143724035,0.018491892608698067,-0.004482932157850897,0.25,0.23891967737256928,0.011080322627430722,1,0,54.929664663594195,9.579621360212679,8.293124722397167,51.17173391760314,4.618442679823038,1,0,0,1
590,11.8,a1_demo_run_001,Unitree A1,2.3549151871417444,0.3238774884747405,-0.016737520905282684,0.020678457015540882,-0.004680364122354807,0.25,0.26031121162909127,0.010311211629091266,1,0,53.56847356473938,7.186151220624534,7.138800900131499,52.31701048665667,4.678458899843239,1,0,0,1
591,11.82,a1_demo_run_001,Unitree A1,2.359609167889405,0.3189292430860208,-0.017764136156124863,0.021137740855131912,-0.004878294847298649,0.25,0.23469903738303402,0.01530096261696598,1,0,53.12644025348941,8.589216445386214,6.1750275462842374,52.09366157943685,4.244184050710599,1,0,0,1
592,11.84,a1_demo_run_001,Unitree A1,2.3645669856312916,0.32219622686219684,-0.02164982862431812,0.021245541271794646,-0.005076717724123754,0.25,0.24789088709434004,0.00210911290565996,1,0,54.75478455976046,8.667046542860422,5.306073170877832,51.88984345090545,4.639316447145699,1,0,0,1
593,11.86,a1_demo_run_001,Unitree A1,2.369127492054611,0.32699684257127243,-0.01783233329719888,0.019715693908986864,-0.005275626109244756,0.25,0.22802532116596858,0.021974678834031425,1,0,51.462463886951035,7.925809850725032,7.608844442424274,52.89308236595409,4.15585486309299,1,0,0,1
594,11.88,a1_demo_run_001,Unitree A1,2.3736157795663124,0.32498815040975554,-0.0171514049905762,0.01868679688642583,-0.005475013324270669,0.25,0.22441437558505953,0.025585624414940472,1,0,54.523077981462556,8.374318582084195,7.648059335871703,52.78142525305452,5.094932134496606,1,0,0,1
595,11.9,a1_demo_run_001,Unitree A1,2.378598879917071,0.31900959034088633,-0.016305015678584587,0.021743512636184147,-0.0056748726562276496,0.25,0.24915501753793248,0.0008449824620675173,1,0,49.12164759677705,7.661891520709234,8.62499192709371,51.251158924049854,4.242662882939922,1,0,0,1
596,11.92,a1_demo_run_001,Unitree A1,2.38362749318254,0.32365892590373285,-0.020173215832000296,0.01742250011161959,-0.005875197357783448,0.25,0.25143066327345065,0.0014306632734506497,1,0,53.73462246739979,6.3906766388190475,7.530412376567724,52.25298791650437,4.197201637683672,1,0,0,1
597,11.94,a1_demo_run_001,Unitree A1,2.388635942593198,0.3161965731972073,-0.01850238787797867,0.01818489511969029,-0.006075980647473534,0.25,0.25042247053289773,0.00042247053289773406,1,0,52.72817515580692,8.527171235232467,7.627013958572715,50.51182810750264,4.314462383347065,1,0,0,1
598,11.96,a1_demo_run_001,Unitree A1,2.3928075064691727,0.32469094507875734,-0.016522855774594062,0.022139127380018195,-0.006277215709928821,0.25,0.20857819379874087,0.041421806201259126,1,0,50.61645624034036,7.848103089210645,8.394264904107217,50.679928925698604,4.41848666528236,1,0,0,1
599,11.98,a1_demo_run_001,Unitree A1,2.39802801322423,0.318693777615677,-0.01716077007905902,0.020505160523370345,-0.006478895696105191,0.25,0.26102533775288195,0.011025337752881947,1,0,54.828624055738416,7.211230236260096,4.091906913886229,50.37834121950661,4.207836689618032,1,0,0,1
