step,timestamp,run_id,robot_model,forward_displacement,base_height,roll,pitch,yaw,command_vx,measured_vx,tracking_error,mpc_accepted,mpc_rejected,predicted_support_force_fl,predicted_support_force_fr,predicted_support_force_rl,predicted_support_force_rr,mpc_cost,contact_fl,contact_fr,contact_rl,contact_rr
0,0.0,a1_demo_run_002,Unitree A1,7.313209914106353e-05,0.32628852600725206,-0.0026450822665833582,0.021900734294132553,0.0,0.265,0.0036566049570531762,0.26134339504294685,0,1,7.375502870157633,59.74863177562289,57.03554382931981,6.367261025927129,21.206315707774596,0,1,1,0
1,0.02,a1_demo_run_002,Unitree A1,7.313209914106353e-05,0.32374363921853716,-0.000443052821499989,0.023100938229437738,3.246134294112927e-07,0.265,0.0,0.265,0,1,59.4631713025671,8.962769059164895,10.384927750563024,54.14425140076583,21.285223338306643,1,0,0,1
2,0.04,a1_demo_run_002,Unitree A1,0.0003738037110281544,0.32856100954482725,0.0018986664291238881,0.021218142417470904,1.2984336798306956e-06,0.265,0.015033580594354544,0.24996641940564546,0,1,58.57542054624552,10.752578459925825,5.054667306894624,57.77499585618366,21.09575425205883,1,0,0,1
3,0.06,a1_demo_run_002,Unitree A1,0.000779393297298688,0.3239931650194891,0.0013813818240385855,0.020929107870392618,2.9214006387424562e-06,0.265,0.02027947931352668,0.24472052068647332,0,1,57.296011966944704,5.8330340341641245,9.041439130470753,60.075253294527045,21.292842159543167,1,0,0,1
4,0.08,a1_demo_run_002,Unitree A1,0.000779393297298688,0.3241575940380472,0.0008116381985383381,0.022147761689739448,5.193414121712532e-06,0.265,0.0,0.265,0,1,57.151000050055224,7.628495848360044,7.098189725712579,59.141433931684105,20.884079001880703,1,0,0,1
5,0.1,a1_demo_run_002,Unitree A1,0.000779393297298688,0.3272886345255916,0.0012891031979724431,0.017067875897909014,8.114333877026765e-06,0.265,0.0,0.265,0,1,56.147424798877935,7.3524700624800445,8.128540303520191,56.92459618582152,20.617890720986907,1,0,0,1
6,0.12,a1_demo_run_002,Unitree A1,0.001163927959372806,0.3280293888063094,0.0017353352404173956,0.02300570743922616,1.1683979592184074e-05,0.265,0.0192267331037059,0.2457732668962941,0,1,58.95139974474364,5.236844253027958,4.6931120024537405,57.38586925919121,21.394859702438787,1,0,0,1
7,0.14,a1_demo_run_002,Unitree A1,0.0014986156984173535,0.3274281011191315,0.00192073798467869,0.02174435753517384,1.5902130902244368e-05,0.265,0.01673438695222737,0.24826561304777264,0,1,58.138224454607105,9.484458086691571,9.055314551731415,58.7047428398413,20.70027601788202,1,0,0,1
8,0.16,a1_demo_run_002,Unitree A1,0.0019612810012551943,0.32227907190077876,0.008759587917758722,0.021767368329326027,2.0768527400030883e-05,0.265,0.02313326514189205,0.24186673485810797,0,1,55.40363721161055,7.621444821875298,8.101123451864563,59.12119595965035,20.66032744153217,1,0,0,1
9,0.18,a1_demo_run_002,Unitree A1,0.002278745283692757,0.3280227157706811,0.005304279451987654,0.023982099780761157,2.6282868648186438e-05,0.265,0.01587321412187815,0.24912678587812187,0,1,58.06453449189448,9.035483686981188,6.945525951299295,57.15729460114023,20.73716825722446,1,0,0,1
10,0.2,a1_demo_run_002,Unitree A1,0.0030668853861372776,0.3242756959067518,0.0069916371064968055,0.01660015647475567,3.244481419308323e-05,0.265,0.03940700512222601,0.225592994877774,0,1,57.642642775232304,11.303680708061457,7.90315776272557,57.77385740987985,20.72176583454224,1,0,0,1
11,0.22,a1_demo_run_002,Unitree A1,0.0038849291099515514,0.3276326847812403,0.004744312131140894,0.016439390046935547,3.925398358058553e-05,0.265,0.04090218619071369,0.22409781380928634,0,1,61.19929528301423,7.505458831441349,5.928306578540852,58.23434045036615,20.559814228822475,1,0,0,1
12,0.24,a1_demo_run_002,Unitree A1,0.0045858451994964435,0.32366729954479306,0.0058499519085111855,0.021940163032130255,4.6709956373664544e-05,0.265,0.035045804477244584,0.22995419552275542,0,1,56.69838446509773,7.410385824279983,6.188783880185621,58.67605587970377,20.603797170099515,1,0,0,1
13,0.26,a1_demo_run_002,Unitree A1,0.0055945594486014796,0.3285236157464076,0.005288773647242168,0.021109495169008227,5.481227217186494e-05,0.265,0.050435712455251774,0.21456428754474824,0,1,57.152953503048344,8.166129837613594,6.3511775409244455,57.801120711406725,20.550034369411968,1,0,0,1
14,0.28,a1_demo_run_002,Unitree A1,0.006497464744117549,0.32557144284225137,0.0019006721198636554,0.021414379405712062,6.356043063262206e-05,0.265,0.04514526477580349,0.21985473522419652,0,1,60.81298517854062,9.382146294176774,4.406180993633611,57.90572778153255,20.555640724745754,1,0,0,1
15,0.3,a1_demo_run_002,Unitree A1,0.007133889740507223,0.32456036000557215,0.004930045954238669,0.019685350333943762,7.295389149442886e-05,0.265,0.03182124981948371,0.23317875018051631,0,1,61.246262958127545,7.20660176456579,8.206461891884715,60.09162390858058,19.874659634481265,1,0,0,1
16,0.32,a1_demo_run_002,Unitree A1,0.008116428977010455,0.3297293026123714,0.004540154500761737,0.02234343448252588,8.299207460185199e-05,0.265,0.04912696182516163,0.21587303817483838,0,1,58.39114007387759,7.116653764015017,8.668231059855593,59.93876284775165,20.88647383709992,1,0,0,1
17,0.34,a1_demo_run_002,Unitree A1,0.008831157979993974,0.32872539115724186,0.004130092138972438,0.022846255702243506,9.367435993239552e-05,0.265,0.035736450149175945,0.22926354985082406,0,1,58.636043611640574,9.480064978337913,6.018118190330622,58.99891929111212,20.33177667260303,1,0,0,1
18,0.36,a1_demo_run_002,Unitree A1,0.010037112673992588,0.3267615107582922,0.006699745015016615,0.021547027991052552,0.0001050000876252116,0.265,0.06029773469993075,0.20470226530006927,0,1,60.4700381101399,8.53009505337325,7.487484222322746,60.82191508189806,20.46621226450941,1,0,0,1
19,0.38,a1_demo_run_002,Unitree A1,0.011069972892768945,0.33209814209273286,0.012193314435687365,0.019497804057324382,0.0001169685580116565,0.265,0.05164301093881784,0.21335698906118217,0,1,56.43518230360034,5.137380431793251,6.628243335519069,57.95823551182031,19.92909620687852,1,0,0,1
20,0.4,a1_demo_run_002,Unitree A1,0.012119620115012436,0.3275408000181258,0.00989921591093812,0.014683932431148263,0.0001295790316476913,0.265,0.05248236111217458,0.21251763888782543,0,1,57.17270463103488,6.2844514807432486,7.459583546913443,60.85497110163694,20.10853676039879,1,0,0,1
21,0.42,a1_demo_run_002,Unitree A1,0.01309884472852183,0.3288933554997628,0.013005261348500812,0.021670097830685187,0.0001428307293481252,0.265,0.04896123067546966,0.21603876932453037,0,1,59.47001492154284,10.101730209358095,6.121391862304559,59.425302470028925,20.01096684472884,1,0,0,1
22,0.44,a1_demo_run_002,Unitree A1,0.014583003370123044,0.32965437025129585,0.011673127788394928,0.022585848519986473,0.00015672283222270065,0.265,0.07420793208006068,0.19079206791993933,0,1,62.11693850412403,8.562699596310338,5.7632047814773095,63.32758644841281,20.49932286936952,1,0,0,1
23,0.46,a1_demo_run_002,Unitree A1,0.015784239185443538,0.3276001938403411,0.012833922954524438,0.02091821239154815,0.00017125448171401852,0.265,0.06006179076602463,0.20493820923397538,0,1,59.420475967969395,6.932925696547851,8.47290484043324,57.16041343207931,19.938365285257873,1,0,0,1
24,0.48,a1_demo_run_002,Unitree A1,0.016966816293117384,0.3304926705809376,0.009874906582210193,0.016873875955313627,0.00018642477963730188,0.265,0.05912885538369226,0.20587114461630776,0,1,60.25454475914438,7.761426479871025,6.9105811808257105,57.94588523259658,20.227339679290733,1,0,0,1
25,0.5,a1_demo_run_002,Unitree A1,0.018214217129127967,0.3281447974630257,0.013122397527010282,0.02051462032841357,0.00020223278822199646,0.265,0.06237004180052908,0.20262995819947094,0,1,61.78257482135742,8.018531341922339,9.830952531194866,59.577681402453216,19.828283484833083,1,0,0,1
26,0.52,a1_demo_run_002,Unitree A1,0.019719910938562766,0.32861098731690325,0.013919274820103793,0.020729712355841763,0.00021867753015520635,0.265,0.07528469047173998,0.18971530952826005,0,1,63.22621936636367,9.03002670439223,7.064833950711796,59.62717679914937,19.83086447255244,1,0,0,1
27,0.54,a1_demo_run_002,Unitree A1,0.021231078773839347,0.33320633066133254,0.011685123134007727,0.022214902836338528,0.00023575798862696373,0.265,0.0755583917638291,0.1894416082361709,0,1,59.54955120943103,6.098431247197695,5.703490743509311,61.88019086824692,19.83581783817931,1,0,0,1
28,0.56,a1_demo_run_002,Unitree A1,0.022798617699489265,0.32735581673170167,0.014322964729122192,0.0158584050433998,0.00025347310737732886,0.265,0.07837694628249582,0.1866230537175042,0,1,60.413346792614256,6.822671205861359,8.717717227010315,58.292455285104886,20.17140236179179,1,0,0,1
29,0.58,a1_demo_run_002,Unitree A1,0.0244150250310179,0.32408073731660675,0.014690304552846783,0.01720483174379147,0.00027182179074532095,0.265,0.08082036657643174,0.18417963342356827,0,1,63.0667690791205,8.382138056808744,7.883120229804428,60.572459860027145,19.331257211166143,1,0,0,1
30,0.6,a1_demo_run_002,Unitree A1,0.026486068383871002,0.3342932179439939,0.012801141374371787,0.019353038636767565,0.00029080290371967575,0.265,0.10355216764265505,0.16144783235734494,0,1,58.46295467052514,7.8602315873063695,8.017622009174993,61.00960118923207,19.42812154845189,1,0,0,1
31,0.62,a1_demo_run_002,Unitree A1,0.027989129810865956,0.3367900971969573,0.011985003765023683,0.01733401115103335,0.0003104152719914293,0.265,0.07515307134974764,0.18984692865025238,0,1,62.109931532957276,8.800602855691395,8.666840950415086,60.44439863860719,19.22356024957696,1,0,0,1
32,0.64,a1_demo_run_002,Unitree A1,0.02950986609897413,0.3295521550640043,0.012180268709833651,0.01409467070258781,0.0003306576820083241,0.265,0.07603681440540874,0.18896318559459127,0,1,59.32207761125009,6.278689643696563,6.086085188615888,58.18737009073068,19.391886543554563,1,0,0,1
33,0.66,a1_demo_run_002,Unitree A1,0.03100083398293253,0.32586936861858695,0.01502693687918925,0.017614053378326756,0.00035152888103103755,0.265,0.07454839419791995,0.19045160580208007,0,1,60.9666736809196,8.49998014677985,6.821845367420598,61.57761044699155,19.41425852069928,1,0,0,1
34,0.68,a1_demo_run_002,Unitree A1,0.032877071265333985,0.33007891042791027,0.015800497464120766,0.017705855653610138,0.00037302757719122814,0.265,0.09381186412007295,0.17118813587992707,0,1,60.558105443399946,9.52821706712846,6.7599702359170895,61.400871571406704,19.166950221360832,1,0,0,1
35,0.7000000000000001,a1_demo_run_002,Unitree A1,0.03491809053925554,0.3302806784490934,0.01384087645193984,0.016153114083130932,0.00039515243955139866,0.265,0.1020509636960778,0.1629490363039222,0,1,59.630157696759724,8.681545966008997,5.192954848318134,60.59136478669314,19.34045587272721,1,0,0,1
36,0.72,a1_demo_run_002,Unitree A1,0.03670201226205724,0.33065993923765435,0.015745205915276523,0.016148644859116372,0.0004179020981665729,0.265,0.08919608614008509,0.17580391385991492,0,1,59.66765082168441,8.194756435666228,6.6309737897784595,60.109200412090416,18.973741588980623,1,0,0,1
37,0.74,a1_demo_run_002,Unitree A1,0.03835239109455554,0.328487129196818,0.01708564297824853,0.014612021525419893,0.00044127514414778397,0.265,0.08251894162491483,0.1824810583750852,0,1,61.50258696189696,7.865762956407641,8.870931241027554,60.209845928964995,19.176350528738016,1,0,0,1
38,0.76,a1_demo_run_002,Unitree A1,0.0400468278829663,0.3328526311033828,0.017419692123240675,0.018606376494745468,0.0004652701297273715,0.265,0.08472183942053803,0.180278160579462,0,1,62.579945318599876,6.831208386119897,7.3322733453113855,59.852236344853544,19.68437551163121,1,0,0,1
39,0.78,a1_demo_run_002,Unitree A1,0.04213513141345749,0.3328453463355616,0.01951181432753425,0.012303795214742775,0.0004898855683260848,0.265,0.10441517652455976,0.16058482347544026,0,1,61.074089724918366,7.899201970584296,5.115514141017018,60.92770518914833,19.438580561589987,1,0,0,1
40,0.8,a1_demo_run_002,Unitree A1,0.04428508015118859,0.3279255776292161,0.01917256634981958,0.012725191763732222,0.0005151199346219886,0.265,0.10749743688655475,0.15750256311344527,0,1,61.422332740258234,9.763588194032568,4.8218248236690915,60.14127962579406,19.337949384073134,1,0,0,1
41,0.8200000000000001,a1_demo_run_002,Unitree A1,0.046425973225376616,0.33353420607816114,0.014812197498733498,0.013852218015016989,0.0005409716646211716,0.265,0.10704465370940133,0.15795534629059868,0,1,62.19117304916006,7.833360090759824,9.330686482247579,58.975763803731844,18.993768030515994,1,0,0,1
42,0.84,a1_demo_run_002,Unitree A1,0.04831532137953648,0.33703960397498894,0.02036358385292336,0.015646866680578447,0.0005674391557302486,0.265,0.0944674077079932,0.17053259229200682,0,1,60.09749697661174,6.754274414912226,6.873553385642818,58.76057969089465,18.813798541681287,1,0,0,1
43,0.86,a1_demo_run_002,Unitree A1,0.05045821535932503,0.3324564715140525,0.016101387776137933,0.009324420228814467,0.0005945207668306621,0.265,0.10714469898942744,0.15785530101057257,0,1,62.55842364233991,7.310854075728459,6.093625712017736,59.23954629283737,18.866360546452718,1,0,0,1
44,0.88,a1_demo_run_002,Unitree A1,0.052611074502943805,0.33129888732406926,0.019405169651217816,0.009404307331568962,0.0006222148183547704,0.265,0.10764295718093876,0.15735704281906127,0,1,62.73386079038126,8.281190416186302,6.616411529144195,60.666029984976895,19.093645467307,1,0,0,1
45,0.9,a1_demo_run_002,Unitree A1,0.05482567221860514,0.33189972193832745,0.017588502858714744,0.007191931762754249,0.000650519592363729,0.265,0.1107298857830668,0.1542701142169332,0,1,65.29459791680094,7.477080403946815,4.931769143955735,60.37879250557007,19.274755096215625,1,0,0,1
46,0.92,a1_demo_run_002,Unitree A1,0.05723376814713878,0.33390225299642984,0.016750240174352678,0.011968388792232252,0.0006794333326271527,0.265,0.1204047964266818,0.14459520357331823,0,1,61.18450945579925,8.679424596288397,8.992333209316268,60.778315526735256,19.23652653801377,1,0,0,1
47,0.9400000000000001,a1_demo_run_002,Unitree A1,0.0595228113314608,0.32814361705673833,0.014065952743930969,0.008685666594522377,0.0007089542447045633,0.265,0.11445215921610095,0.15054784078389905,0,1,61.13004826292726,8.731981265048642,6.449725887379558,61.23707391652194,19.121768693302784,1,0,0,1
48,0.96,a1_demo_run_002,Unitree A1,0.061957148672045485,0.33298421562071434,0.017429730795423808,0.010109410477466033,0.0007390804960286126,0.265,0.12171686702923444,0.14328313297076556,0,1,62.90697577099144,9.244576452566507,8.914362138833791,59.7155657834888,18.7328609198306,1,0,0,1
49,0.98,a1_demo_run_002,Unitree A1,0.06428037805627287,0.33169673490522994,0.014730233359689336,0.012308354107919004,0.0007698102159900835,0.265,0.1161614692113693,0.1488385307886307,0,1,63.03496393195417,9.992983261171046,7.072312400226242,62.70237796925111,18.87647236706126,1,0,0,1
50,1.0,a1_demo_run_002,Unitree A1,0.06669198776571517,0.3373887830978729,0.019844299118182057,0.008630139509159623,0.0008011414960246605,0.265,0.1205804854721145,0.1444195145278855,0,1,61.19560529949389,9.394202214121306,9.001344764395816,60.331037610070396,18.74303106481475,1,0,0,1
51,1.02,a1_demo_run_002,Unitree A1,0.06922053074740712,0.3324267425819913,0.020988495073151477,0.010386452754183206,0.0008330723897014695,0.265,0.1264271490845976,0.13857285091540242,0,1,61.43550477909962,6.692065310192856,7.359372298660319,60.15313609757153,18.72604498639773,1,0,0,1
52,1.04,a1_demo_run_002,Unitree A1,0.07128226575237982,0.33712143501665415,0.016390766083427002,0.008629519218959663,0.0008656009128133811,0.265,0.10308675024863466,0.16191324975136534,0,1,62.811398657569306,6.735051774793219,8.194525728016707,61.4880799066482,19.238541151772683,1,0,0,1
53,1.06,a1_demo_run_002,Unitree A1,0.07365102518045787,0.3302784546759588,0.01860265136955533,0.010623334358837808,0.0008987250434690758,0.265,0.11843797140390236,0.14656202859609765,0,1,60.947740436922714,7.893919932956246,8.006730264523672,58.29311692314711,18.2416141212662,1,0,0,1
54,1.08,a1_demo_run_002,Unitree A1,0.07601725754068074,0.3345885562638989,0.016546479967117417,0.009691827095203128,0.0009324427221868645,0.265,0.11831161801114365,0.14668838198885636,0,1,61.58279624417033,7.36835449986482,7.872607492752759,59.80764472123143,18.57623561952282,1,0,0,1
55,1.1,a1_demo_run_002,Unitree A1,0.07837630667793966,0.3339979865775336,0.016723279233126893,0.00633111229353978,0.0009667518519902632,0.265,0.11795245686294567,0.14704754313705434,0,1,62.33278479835529,6.4063425822546805,7.4871082680557945,62.33670974372726,18.89056587653989,1,0,0,1
56,1.12,a1_demo_run_002,Unitree A1,0.0808555306690497,0.33110238669362185,0.01949667105625581,0.007192447386598099,0.0010016502985053168,0.265,0.12396119955550229,0.14103880044449774,0,1,63.650089356622175,7.381631488157808,6.6740089974381815,58.57826899322664,18.173810485700468,1,0,0,1
57,1.1400000000000001,a1_demo_run_002,Unitree A1,0.08379207680754164,0.3337904225430562,0.01782251352297366,0.009772967307275015,0.001037135890059666,0.265,0.14682730692459697,0.11817269307540304,0,1,7.153561937348643,61.638470535558135,62.4922856651218,9.064603875706418,18.331929954468247,0,1,1,0
58,1.16,a1_demo_run_002,Unitree A1,0.08619416688770189,0.3364465341222954,0.02131531157040159,0.007693197716409501,0.0010732064177833597,0.265,0.12010450400801236,0.14489549599198764,0,1,5.420661753157059,61.40779288142865,58.5847327492763,9.615591192902789,18.31311739617808,0,1,1,0
59,1.18,a1_demo_run_002,Unitree A1,0.08906820320245824,0.3326704102287282,0.016792548002086315,0.0027603262870995095,0.001109859635711398,0.265,0.14370181573781807,0.12129818426218195,0,1,5.316763545474505,61.950428069648254,59.90286271553507,6.982762527046752,18.341989734609154,0,1,1,0
60,1.2,a1_demo_run_002,Unitree A1,0.09133735792890095,0.3293109549512759,0.01966132346682719,0.00743179761443436,0.0011470932608880129,0.265,0.11345773632213546,0.15154226367786455,0,1,6.236821706611414,64.08506613674294,59.958665773736016,7.908537874396834,17.951181290946394,0,1,1,0
61,1.22,a1_demo_run_002,Unitree A1,0.09396106027584387,0.3335542197556684,0.01774783746189311,0.0026185094475742496,0.001184904973472676,0.265,0.13118511734714589,0.13381488265285413,0,1,6.161565194520088,62.75540364709812,60.540828628456154,9.066721918791437,18.45127227987893,0,1,1,0
62,1.24,a1_demo_run_002,Unitree A1,0.09673486764739309,0.33139560264163925,0.01901974331887588,0.008396083399319437,0.0012232924168478283,0.265,0.13869036857746087,0.12630963142253915,0,1,7.7835449379321275,65.97675875472272,59.41431530206296,6.8464951367390725,18.421223195734807,0,1,1,0
63,1.26,a1_demo_run_002,Unitree A1,0.09964062336191518,0.3328455866636059,0.016393973448329078,0.006957513580149865,0.001262253197728331,0.265,0.1452877857261045,0.1197122142738955,0,1,6.335567784963353,62.7932002414079,60.4929540575666,8.714885728736654,18.333865062637578,0,1,1,0
64,1.28,a1_demo_run_002,Unitree A1,0.10260634285049926,0.33354347168805704,0.01703431836245046,0.004652367905061591,0.0013017848862726326,0.265,0.1482859744292043,0.11671402557079572,0,1,7.016143056250314,62.1851538555542,59.85121648221954,6.56039168681706,17.941215896368668,0,1,1,0
65,1.3,a1_demo_run_002,Unitree A1,0.10562138424511512,0.3295255161791264,0.016732765310472072,0.0038492679623848792,0.0013418850161956422,0.265,0.15075206973079297,0.11424793026920704,0,1,6.91627976102513,62.63227140742784,57.90669243242953,6.831356789333549,18.132392466683722,0,1,1,0
66,1.32,a1_demo_run_002,Unitree A1,0.10839159454952614,0.3297888916649067,0.015107302393190209,0.0024605035584253764,0.001382551084883315,0.265,0.13851051522055127,0.12648948477944874,0,1,7.383288994812809,63.019284199657086,60.16716081340227,6.380928949945037,17.83777683879552,0,1,1,0
67,1.34,a1_demo_run_002,Unitree A1,0.11116345710240205,0.335067763921145,0.017904719225901332,0.004204882702072027,0.001423780553508932,0.265,0.13859312764379547,0.12640687235620454,0,1,9.851506064132371,63.30172050996726,58.643878904888446,7.9797060788727245,17.93127600596282,0,1,1,0
68,1.36,a1_demo_run_002,Unitree A1,0.11428078040222533,0.3325865129369474,0.017667851694018997,0.0011059305457739965,0.0014655708471510798,0.265,0.1558661649911643,0.10913383500883572,1,0,8.926726625202724,65.63037921392284,57.78592395598294,9.12115667359177,15.70449619712376,0,1,1,0
69,1.3800000000000001,a1_demo_run_002,Unitree A1,0.11717452101154122,0.32750830186403246,0.017327103008977187,0.0021451431132891987,0.0015079193549133217,0.265,0.14468703046579393,0.12031296953420609,0,1,8.022581181386405,61.56859182074259,60.43358150180787,7.24224189503597,17.941672666173158,0,1,1,0
70,1.4000000000000001,a1_demo_run_002,Unitree A1,0.11983591992845072,0.33590525439294405,0.0189726039375626,0.0032586613962645164,0.0015508234300455545,0.265,0.13306994584547516,0.13193005415452486,0,1,7.3545632071868265,63.98219118795662,60.951382317074874,5.720251176122636,17.572402298364693,0,1,1,0
71,1.42,a1_demo_run_002,Unitree A1,0.12255907298686552,0.33464316883979217,0.018542289057151575,-0.0008035936574023795,0.0015942803900670462,0.265,0.13615765292074009,0.12884234707925993,0,1,7.39347428072777,63.09628381266152,61.03059291590809,5.984210448798458,17.865818525054337,0,1,1,0
72,1.44,a1_demo_run_002,Unitree A1,0.1253607960570753,0.33219276781934526,0.014625105349952481,-0.0014177459058698923,0.0016382875168911512,0.265,0.14008615351048964,0.12491384648951037,0,1,8.458845057932729,60.630213876774064,61.11059967754558,8.052439189918756,17.43415235606067,0,1,1,0
73,1.46,a1_demo_run_002,Unitree A1,0.12852943002981684,0.3306966934557586,0.015839195431789996,-0.003341422516479057,0.0016828420569516948,0.265,0.15843169863707643,0.10656830136292358,1,0,8.817836702693207,63.931450183853016,57.63274838404668,10.081762978751977,14.623631720359866,0,1,1,0
74,1.48,a1_demo_run_002,Unitree A1,0.13163952836197793,0.3360857015938376,0.013550930115931533,-0.0034947674355378395,0.001727941221331028,0.265,0.15550491660805374,0.10949508339194627,1,0,6.729335491459159,64.64826196784497,58.453221724340274,8.051214999040157,14.614303440861999,0,1,1,0
75,1.5,a1_demo_run_002,Unitree A1,0.13490744155758316,0.33487306682750534,0.014537082597170032,-0.005882256675863612,0.001773582185889737,0.265,0.16339565978026174,0.10160434021973827,1,0,8.051073057859924,61.693048051816874,63.1403012279602,6.958344829088246,14.71462444422335,0,1,1,0
76,1.52,a1_demo_run_002,Unitree A1,0.13793306075842565,0.3399557984215761,0.012970579516938308,3.6240415896084165e-05,0.0018197620913980128,0.265,0.15128096004212394,0.11371903995787608,1,0,5.155732603871762,62.898476128930675,58.9284519381124,8.572657553590398,15.010980222793895,0,1,1,0
77,1.54,a1_demo_run_002,Unitree A1,0.14112491856149648,0.3350454608536932,0.017077668513997394,0.0022577367531363204,0.0018664780436686691,0.265,0.15959289015354075,0.10540710984645926,1,0,8.296399297838835,60.51175268313151,61.26533614753597,7.164701910178555,14.872293338932945,0,1,1,0
78,1.56,a1_demo_run_002,Unitree A1,0.14445420500604203,0.33495603991801354,0.01422040435999724,0.0008236248720562608,0.0019137271136918032,0.265,0.16646432222727797,0.09853567777272204,1,0,9.06700893874216,61.179555914689395,59.46249688958538,6.9704006956901114,14.809319306156423,0,1,1,0
79,1.58,a1_demo_run_002,Unitree A1,0.14758413377695903,0.33355735457559127,0.012700758655781907,-0.007278761890658974,0.0019615063377710993,0.265,0.15649643854585032,0.10850356145414969,1,0,7.607903922366774,64.42212903924333,60.5482339603306,6.158157252026631,14.354638261102403,0,1,1,0
80,1.6,a1_demo_run_002,Unitree A1,0.15092265233982916,0.33600061128776787,0.015156499699094954,-0.0018737485412417616,0.002009812717661762,0.265,0.16692592814350585,0.09807407185649417,1,0,10.543137794596147,62.31326926024138,59.56104639072269,9.471828381944897,14.44476351354238,0,1,1,0
81,1.62,a1_demo_run_002,Unitree A1,0.1540170991891849,0.33550149367008875,0.00804943210057064,-0.0006012120532329426,0.0020586432207100797,0.265,0.1547223424677873,0.11027765753221272,1,0,6.766266173589529,61.42365125071733,61.243094015472856,3.9451089155060712,14.598740530106562,0,1,1,0
82,1.6400000000000001,a1_demo_run_002,Unitree A1,0.1572073905158315,0.3370443226967969,0.007973140301324302,-0.005767131356116491,0.002107994779994605,0.265,0.1595145663323298,0.10548543366767021,1,0,8.304416581424565,63.305298067615496,60.65617517932212,8.617002880390977,14.32423568911708,0,1,1,0
83,1.6600000000000001,a1_demo_run_002,Unitree A1,0.16041701402514535,0.33258406316509986,0.013193324334007994,-0.004837930611878871,0.0021578642944689603,0.265,0.16048117546569365,0.10451882453430636,1,0,7.949845354667662,62.25910671949118,59.8432590754529,6.850757087083449,14.362228767499515,0,1,1,0
84,1.68,a1_demo_run_002,Unitree A1,0.16345477319519683,0.33276735483950554,0.011312850148932567,-0.010575318480338762,0.0022082486291062423,0.265,0.15188795850257367,0.11311204149742635,1,0,7.859583265579229,62.33611466735916,59.00521342116212,6.925522975967742,14.492596129133002,0,1,1,0
85,1.7,a1_demo_run_002,Unitree A1,0.16691963360538645,0.3326227750986734,0.011273391194392735,-0.005350156688442978,0.00225914461504504,0.265,0.17324302050948084,0.09175697949051917,1,0,7.839948964793353,64.03345100716186,60.85334266485782,9.869241218564937,14.245433022399745,0,1,1,0
86,1.72,a1_demo_run_002,Unitree A1,0.17017789913319192,0.33575836861510633,0.0076909736297465486,-0.009134464227601731,0.0023105490497370472,0.265,0.1629132763902733,0.1020867236097267,1,0,8.14994704201326,61.37344513535836,58.78207064569216,6.500216470919928,14.339446900829426,0,1,1,0
87,1.74,a1_demo_run_002,Unitree A1,0.1735744661018615,0.33748432048091886,0.009859618407887365,-0.006431984989514795,0.002362458697096264,0.265,0.16982834843347913,0.09517165156652088,1,0,9.18714224084918,61.732185002099556,61.07818190682913,6.547903184360226,14.631358560531087,0,1,1,0
88,1.76,a1_demo_run_002,Unitree A1,0.1771057736337745,0.33254451065094426,0.01346685598291733,-0.011286312044914112,0.002414870287649789,0.265,0.17656537659564941,0.0884346234043506,1,0,9.928830730784641,63.21358000421594,64.15503216725088,7.317448065512657,14.140397519996876,0,1,1,0
89,1.78,a1_demo_run_002,Unitree A1,0.1806509454891912,0.33257913280342594,0.010653805073987027,-0.006474902246358844,0.0024677805186901908,0.265,0.17725859277083483,0.08774140722916518,1,0,7.996849657694179,64.35156129534911,62.36485015653637,8.079386340137134,14.42832661192244,0,1,1,0
90,1.8,a1_demo_run_002,Unitree A1,0.18427043681321925,0.3343719650941618,0.008882598015063225,-0.005715807987018148,0.0025211860544294487,0.265,0.18097456620140226,0.08402543379859775,1,0,9.141442501040286,64.72268059174485,61.47537296452452,6.881401904789983,14.223411754962614,0,1,1,0
91,1.82,a1_demo_run_002,Unitree A1,0.18772811458144337,0.33291434643324536,0.007195466429306137,-0.010676169683864948,0.002575083526154463,0.265,0.17288388841120522,0.09211611158879479,1,0,7.017526275226505,62.05138904706357,60.34332622050945,5.296597497249761,13.666786063577021,0,1,1,0
92,1.84,a1_demo_run_002,Unitree A1,0.19112907587381522,0.3358471608843137,0.006807834313196221,-0.011997536857563218,0.0026294695323841296,0.265,0.1700480646185931,0.09495193538140692,1,0,9.072337633816726,64.28637544121814,57.740832102224466,6.288022546765529,13.708043111563242,0,1,1,0
93,1.86,a1_demo_run_002,Unitree A1,0.19463346054159517,0.32777218530121377,0.0028554186976631262,-0.014977971886831538,0.0026843406390279607,0.265,0.17521923338899673,0.08978076661100329,1,0,6.933211866642214,61.86617644064508,58.59421567118325,9.293867399050328,13.725116055461246,0,1,1,0
94,1.8800000000000001,a1_demo_run_002,Unitree A1,0.19777270932613433,0.33126582127849674,0.007139776401884311,-0.010682101020093029,0.00273969337954626,0.265,0.15696243922695793,0.10803756077304208,1,0,9.526923910523385,65.50895576266542,62.23008216845986,7.604687504789716,13.669704299026682,0,1,1,0
95,1.9000000000000001,a1_demo_run_002,Unitree A1,0.200990033540648,0.33130388198684724,0.007820412741581897,-0.011893471620363107,0.0027955242551118338,0.265,0.16086621072568372,0.1041337892743163,1,0,11.094897228350536,61.35163320037076,59.315697618345354,8.131522197185351,13.810702557201493,0,1,1,0
96,1.92,a1_demo_run_002,Unitree A1,0.2042573714188853,0.3273827868104658,0.0024778569276905976,-0.014735521514688623,0.002851829734773242,0.265,0.1633668939118651,0.10163310608813492,1,0,7.829082556840051,64.78380027661466,59.42801980641631,7.134010309957747,13.936765675362993,0,1,1,0
97,1.94,a1_demo_run_002,Unitree A1,0.2076227072099263,0.3306947829355842,0.003801041746003633,-0.010138781127085624,0.0029086062556195713,0.265,0.16826678955204882,0.09673321044795119,1,0,4.930439112869628,61.98823899691364,60.15911609864383,6.576703225357423,14.046695501330158,0,1,1,0
98,1.96,a1_demo_run_002,Unitree A1,0.21134295419497837,0.3307326737805681,0.0022992941159702177,-0.012804282501786972,0.0029658502229467313,0.265,0.18601234925260451,0.0789876507473955,1,0,7.232697893457248,65.7076319784201,58.88665870165418,9.848597229825575,13.75972644405653,0,1,1,0
99,1.98,a1_demo_run_002,Unitree A1,0.21476930563989033,0.3324310064358703,0.0021698775856553625,-0.01477120564568566,0.0030235580104252665,0.265,0.1713175722455977,0.0936824277544023,1,0,9.724625188005025,63.69708717478446,58.636992399843045,7.236531400128487,13.52101918911903,0,1,1,0
100,2.0,a1_demo_run_002,Unitree A1,0.2183413195904793,0.33562594345212204,0.003690352864944044,-0.013865096423560116,0.0030817259602696654,0.265,0.17860069752944857,0.08639930247055144,1,0,8.774307501835343,61.4253566047401,60.263204854181154,6.879282168662023,13.061619006742108,0,1,1,0
101,2.02,a1_demo_run_002,Unitree A1,0.22233475736142305,0.3321372335595857,-0.0011057046572000191,-0.010191306664876585,0.003140350383409189,0.265,0.19967188854718684,0.06532811145281317,1,0,8.348479038145042,62.09358493840342,59.063588820831555,9.034599312897475,13.549555094224766,0,1,1,0
102,2.04,a1_demo_run_002,Unitree A1,0.22594947262901438,0.3300758438076882,0.003768701021791738,-0.011747046468604928,0.0031994275596601706,0.265,0.1807357633795665,0.0842642366204335,1,0,9.412135698336774,63.8937166564981,59.25063443872702,6.4886954975856606,13.488071189938841,0,1,1,0
103,2.06,a1_demo_run_002,Unitree A1,0.22984503838954717,0.33241016323459266,0.003522733565276658,-0.013958011155355068,0.0032589537378998144,0.265,0.1947782880266397,0.0702217119733603,1,0,8.67823481494779,64.24752255930576,59.16920012305241,6.667381718716404,13.477078846961774,0,1,1,0
104,2.08,a1_demo_run_002,Unitree A1,0.23335762545592703,0.335071877222737,0.0009859385554705457,-0.012457298091675603,0.00331892513624147,0.265,0.17562935331899218,0.08937064668100783,1,0,9.704815262431591,62.64699787272493,60.96746401246186,7.514345357623657,13.907626442685986,0,1,1,0
105,2.1,a1_demo_run_002,Unitree A1,0.23706282102196136,0.3299022067790374,-0.004001440211059402,-0.017272836776993563,0.003379337942211376,0.265,0.18525977830171672,0.07974022169828329,1,0,9.28719314730578,62.7791317386828,59.88296977282708,7.5003781457234515,13.640941619906604,0,1,1,0
106,2.12,a1_demo_run_002,Unitree A1,0.24060691565019218,0.32995564069796435,-0.00156185773563326,-0.014648336771364692,0.003440188312926868,0.265,0.17720473141154197,0.08779526858845804,1,0,10.130380633831741,63.74735566821797,59.92823421056423,7.8634558870645,13.476795039141782,0,1,1,0
107,2.14,a1_demo_run_002,Unitree A1,0.24431500311612156,0.33351528558522386,0.0023674132992628307,-0.014712700709378067,0.0035014723752760453,0.265,0.18540437329646908,0.07959562670353093,1,0,8.502314517468756,62.83768156120224,60.982761469084046,10.428336725153683,12.989763959796651,0,1,1,0
108,2.16,a1_demo_run_002,Unitree A1,0.2483232461515125,0.33144881848266433,-0.0061836641089002935,-0.016600215470189954,0.0035631862260988877,0.265,0.20041215176954724,0.06458784823045277,1,0,9.267363162091536,60.80822110760452,59.915507342725,7.970747544893318,13.051809076058387,0,1,1,0
109,2.18,a1_demo_run_002,Unitree A1,0.251732132244905,0.3335020768452212,-0.0018514644175443738,-0.014674306316959382,0.0036253259323698077,0.265,0.17044430466962376,0.09455569533037625,1,0,7.5700220976799,61.44540148110509,59.69066723513724,4.17072445214888,13.106147285839679,0,1,1,0
110,2.2,a1_demo_run_002,Unitree A1,0.2556764730848059,0.33172696702180543,-0.004044160906677897,-0.01804391463446343,0.0036878875313816435,0.265,0.19721704199504572,0.06778295800495429,1,0,7.157954863817392,62.87565505454074,60.70325814656152,7.956818520804185,12.885838628508225,0,1,1,0
111,2.22,a1_demo_run_002,Unitree A1,0.2595900092320527,0.3333900276122355,-0.0006013037229295234,-0.015140553061267627,0.0037508670309310756,0.265,0.19567680736234228,0.06932319263765774,1,0,10.389474696586563,64.20958160620252,60.943066955162195,7.5530319922854385,13.154675031238659,0,1,1,0
112,2.24,a1_demo_run_002,Unitree A1,0.2633200595436714,0.3289200776505433,-0.004085045195509293,-0.015349974429265884,0.003814260409505463,0.265,0.18650251558093373,0.07849748441906629,1,0,8.302686546851763,64.73021053002905,59.76321883144205,7.5608300340920405,13.068696414932568,0,1,1,0
113,2.2600000000000002,a1_demo_run_002,Unitree A1,0.2668615868991003,0.3313466413002419,-0.0024489166265089886,-0.02432913165030687,0.0038780636164710883,0.265,0.17707636777144461,0.0879236322285554,1,0,9.126832792207331,63.51762830877313,60.042086520774106,7.844326233154639,12.657349732050669,0,1,1,0
114,2.2800000000000002,a1_demo_run_002,Unitree A1,0.27078318436839294,0.3307164402516716,-0.0026450940871110317,-0.014359027448014195,0.003942272572262812,0.265,0.19607987346463365,0.06892012653536636,1,0,62.55651192825757,8.40220706545091,5.905493678373341,61.09546078717527,13.178640938949274,1,0,0,1
115,2.3000000000000003,a1_demo_run_002,Unitree A1,0.2745758698127796,0.32806704072853593,-0.0006194872900245996,-0.025244240955414426,0.004006883168575113,0.265,0.18963427221933213,0.07536572778066788,1,0,61.517693808270444,9.048339440375468,5.795043739569664,61.018382474889684,12.855082520931045,1,0,0,1
116,2.32,a1_demo_run_002,Unitree A1,0.2785667272047762,0.3270590255092448,-0.0052100344185329345,-0.01944732079871296,0.004071891268554529,0.265,0.19954286959982986,0.06545713040017015,1,0,62.3082973009169,7.066548809710402,8.07680650275353,61.905324719954606,12.347368970323883,1,0,0,1
117,2.34,a1_demo_run_002,Unitree A1,0.2825220142537182,0.33254045524449094,-0.004560117813650792,-0.0156174044161574,0.004137292706993459,0.265,0.19776435244709897,0.06723564755290104,1,0,64.25599929949293,7.7854766556385,7.62291888756247,60.241782405053456,12.717002109823726,1,0,0,1
118,2.36,a1_demo_run_002,Unitree A1,0.28687128909418064,0.32980453538789717,-0.008785778529733727,-0.019238975871841583,0.004203083290525361,0.265,0.21746374202312113,0.04753625797687888,1,0,62.97422673392028,6.8462169901247325,7.637417813783206,59.62619194743566,12.750415408972975,1,0,0,1
119,2.38,a1_demo_run_002,Unitree A1,0.2907932768637739,0.32797958330613297,-0.0039332709718256685,-0.02236749163765771,0.0042692587978212905,0.265,0.19609938847966146,0.06890061152033855,1,0,59.750723797976285,6.251760345009204,7.393196088215731,65.1371445308383,12.87366846187741,1,0,0,1
120,2.4,a1_demo_run_002,Unitree A1,0.2945414375296633,0.3301458019546273,-0.008328084692646773,-0.021683798919720523,0.004335814979787806,0.265,0.1874080332944704,0.07759196670552962,1,0,61.79396877340552,8.466968616290687,7.064684586140935,59.85120437106616,12.496544199673995,1,0,0,1
121,2.42,a1_demo_run_002,Unitree A1,0.29859241429768685,0.33305492402973425,-0.008415656180983973,-0.016620666516653313,0.0044027475597662215,0.265,0.2025488384011777,0.0624511615988223,1,0,64.53769332888454,8.259718629218641,7.974976647151877,60.9418324561601,12.73843293506726,1,0,0,1
122,2.44,a1_demo_run_002,Unitree A1,0.3026671001422391,0.3243793878625524,-0.007819414937176463,-0.024221099162702184,0.004470052233733195,0.265,0.2037342922276127,0.06126570777238732,1,0,61.68900109811542,8.962713478312619,8.309152265431898,58.65462601938573,12.528866894004263,1,0,0,1
123,2.46,a1_demo_run_002,Unitree A1,0.30702891515300224,0.3261837860245709,-0.011374734308875815,-0.016815090963535964,0.004537724670502649,0.265,0.21809075053815774,0.04690924946184227,1,0,59.412162806402286,8.764556563249426,8.275719207266906,60.857232096405525,12.104054590388225,1,0,0,1
124,2.48,a1_demo_run_002,Unitree A1,0.31127846436773915,0.3274601792423279,-0.008258336562036657,-0.01998627469412505,0.004605760511929013,0.265,0.21247746073684445,0.05252253926315556,1,0,64.52631761028746,8.339701979853407,6.858910917675619,59.332012416316914,12.029873094214599,1,0,0,1
125,2.5,a1_demo_run_002,Unitree A1,0.315426539463647,0.3332602860044346,-0.007240315933588192,-0.02303107866493584,0.004674155373111778,0.265,0.2074037547953933,0.05759624520460671,1,0,62.77333357702895,8.779263331948576,8.941789821872373,59.9621622620352,12.615266907686502,1,0,0,1
126,2.52,a1_demo_run_002,Unitree A1,0.31985325454985414,0.33015175014478904,-0.009040816197976653,-0.021699973817034465,0.004742904842601365,0.265,0.22133575431035496,0.043664245689645054,1,0,61.66063884482567,7.940243665281533,7.31984495442525,61.986574242299895,12.584706673752569,1,0,0,1
127,2.54,a1_demo_run_002,Unitree A1,0.3236563647955439,0.33119959033211704,-0.013247587357979448,-0.02296777691267959,0.004812004482606273,0.265,0.19015551228448682,0.07484448771551319,1,0,61.17810230356124,8.57804795331136,7.885326669592118,61.12493878712392,12.317649107950432,1,0,0,1
128,2.56,a1_demo_run_002,Unitree A1,0.3276039252296381,0.32626505134190675,-0.01075180893792965,-0.018432030849245176,0.00488144982920153,0.265,0.1973780217047109,0.06762197829528913,1,0,63.15158764823115,6.983397836239097,7.394923047168832,61.19934238199701,12.5621930928038,1,0,0,1
129,2.58,a1_demo_run_002,Unitree A1,0.3314951334567191,0.3261489842037114,-0.009445444648125242,-0.018929668289206652,0.004951236392538424,0.265,0.19456041135405122,0.07043958864594879,1,0,60.81452395079338,8.517588295894782,7.345809390477844,57.86214792313924,12.403902895836746,1,0,0,1
130,2.6,a1_demo_run_002,Unitree A1,0.3355274512171369,0.3298980150326024,-0.015101338185471316,-0.025211973684147522,0.005021359657055497,0.265,0.20161588802089062,0.0633841119791094,1,0,63.116684246127484,8.935784759400413,5.969947213649553,62.85059598452962,12.262287019129822,1,0,0,1
131,2.62,a1_demo_run_002,Unitree A1,0.3393350060958432,0.3287531835107579,-0.013900937262276711,-0.022066500794447046,0.0050918150816908,0.265,0.190377743935316,0.074622256064684,0,1,62.202863183065276,7.062446000698916,7.981891173682756,58.54628015207167,14.61533272445967,1,0,0,1
132,2.64,a1_demo_run_002,Unitree A1,0.34363729286126804,0.3298067959756313,-0.010394197764908936,-0.023348983125378496,0.005162598100095416,0.265,0.21511433827124113,0.049885661728758884,0,1,61.71987059843804,8.072564938589986,10.983412152870695,62.28975472471205,15.22795587305205,1,0,0,1
133,2.66,a1_demo_run_002,Unitree A1,0.3477455062325242,0.3277917318868736,-0.011992466568602046,-0.01808072825488605,0.005233704120848203,0.265,0.2054106685628096,0.05958933143719042,0,1,61.51344631261936,7.126956486518896,6.475286895293883,61.51369248582061,14.881275426428525,1,0,0,1
134,2.68,a1_demo_run_002,Unitree A1,0.351565562861282,0.32878081384200025,-0.012083246119009357,-0.024803162557937526,0.0053051285276718,0.265,0.19100283143789026,0.07399716856210975,0,1,60.99608592212389,7.262890624877439,7.099392601594928,60.824486188551816,14.603011007614132,1,0,0,1
135,2.7,a1_demo_run_002,Unitree A1,0.35550618611804197,0.32830395827525993,-0.009551566930492656,-0.017520627372518884,0.00537686667964984,0.265,0.1970311628379994,0.06796883716200061,0,1,62.63518154113651,6.425098902856984,6.375312629913832,58.75088097211494,14.48484902385239,1,0,0,1
136,2.72,a1_demo_run_002,Unitree A1,0.35977691427724845,0.32967502267902304,-0.012685339358530301,-0.02170754732996666,0.00544891391144539,0.265,0.2135364079603243,0.05146359203967571,0,1,59.88900127729992,9.772084895233178,6.316772137813292,60.09069740014497,14.66873940867326,1,0,0,1
137,2.74,a1_demo_run_002,Unitree A1,0.36418448431008865,0.3295688834392751,-0.012646773992045779,-0.024612037818133804,0.005521265533520592,0.265,0.22037850164200926,0.04462149835799076,1,0,58.75795700983766,9.491959244608067,9.162229269366142,59.148789168749154,11.33959264570497,1,0,0,1
138,2.7600000000000002,a1_demo_run_002,Unitree A1,0.3688808681326758,0.32332133395429136,-0.008869086596057377,-0.023473020385232995,0.005593916832357515,0.265,0.2348191911293567,0.03018080887064331,1,0,61.81603812485337,8.752407395918272,6.057840575181549,59.77736091385524,11.885282580451628,1,0,0,1
139,2.7800000000000002,a1_demo_run_002,Unitree A1,0.37380792791850903,0.32157146470908443,-0.015033853203992267,-0.02384622262785338,0.005666863070680184,0.265,0.24635298929166138,0.01864701070833863,1,0,61.76574827319572,10.76107433272134,6.336287337287095,59.31455315890389,11.425177139745724,1,0,0,1
140,2.8000000000000003,a1_demo_run_002,Unitree A1,0.3781455006894172,0.3295116714202147,-0.016505041803932804,-0.025080740149018437,0.005740099487677802,0.265,0.21687863854540987,0.048121361454590145,1,0,61.479592182657996,7.735056024804251,4.777510046776179,56.737054768557314,11.70963200221409,1,0,0,1
141,2.82,a1_demo_run_002,Unitree A1,0.3821563267743646,0.3297934212920026,-0.014343819300978068,-0.021698799047526363,0.005813621299229131,0.265,0.20054130424737038,0.06445869575262964,1,0,61.302386249372155,12.244467381154887,5.939343585640854,61.08743301264718,11.440195347580769,1,0,0,1
142,2.84,a1_demo_run_002,Unitree A1,0.38590297232025306,0.3240885599576772,-0.014598418526911332,-0.025036960868268534,0.005887423698128051,0.265,0.187332277294422,0.07766772270557801,1,0,60.20621899267476,7.681458818491492,4.608240149865313,59.32832599273128,11.458332270619856,1,0,0,1
143,2.86,a1_demo_run_002,Unitree A1,0.39023540350797725,0.32180582610689934,-0.01679343293309212,-0.02743901225566866,0.005961501854310262,0.265,0.21662155938620906,0.04837844061379096,1,0,61.67998264524706,8.357270692458423,7.8845265788967005,58.68723616262204,11.2892677474737,1,0,0,1
144,2.88,a1_demo_run_002,Unitree A1,0.39431814589334846,0.3265176671250568,-0.018054782814517202,-0.022947821712395358,0.006035850915081128,0.265,0.204137119268559,0.06086288073144103,1,0,60.43540477350047,7.443110920483709,10.919576110572233,58.50474430197602,11.392473516394737,1,0,0,1
145,2.9,a1_demo_run_002,Unitree A1,0.3985058018954436,0.328411289857597,-0.011606455384314221,-0.026505908908967854,0.006110466005344657,0.265,0.20938280010475596,0.05561719989524405,1,0,59.73808030318457,8.521255784084428,6.486649688889269,59.713481909472776,11.859644400544378,1,0,0,1
146,2.92,a1_demo_run_002,Unitree A1,0.4026555612390918,0.3303918242635689,-0.015794577295686278,-0.023868912486777295,0.006185342227833616,0.265,0.2074879671824106,0.057512032817589404,1,0,59.90344459758804,9.169860899040742,4.666538893813668,57.882031712438426,11.688321575983167,1,0,0,1
147,2.94,a1_demo_run_002,Unitree A1,0.4069275838101263,0.32700183588098014,-0.018120727430630795,-0.02424061830052239,0.006260474663340751,0.265,0.21360112855172556,0.05139887144827446,1,0,63.08826759648623,7.840517049725682,8.259999530201627,55.89693879597241,11.385677553218807,1,0,0,1
148,2.96,a1_demo_run_002,Unitree A1,0.41149821187120533,0.32459474558000934,-0.015017781093248446,-0.024114870643438806,0.006335858370951105,0.265,0.22853140305395336,0.03646859694604665,1,0,57.748938207525725,10.487407785964669,5.982305057497781,59.544328352433126,11.245984795290264,1,0,0,1
149,2.98,a1_demo_run_002,Unitree A1,0.4158595089980016,0.32310392869973065,-0.017246842266999893,-0.016893025379888578,0.00641148838827545,0.265,0.21806485633981385,0.04693514366018617,1,0,60.79542082392307,8.334808998486846,8.819085702774956,59.62054732549032,11.418863954045914,1,0,0,1
150,3.0,a1_demo_run_002,Unitree A1,0.42015368863854835,0.3251779552592408,-0.017698495603161325,-0.021702659735744034,0.006487359731684799,0.265,0.21470898202733732,0.050291017972662694,1,0,57.662082854674274,8.378679540554279,6.605159333094077,58.53309614973184,11.446071572715256,1,0,0,1
151,3.02,a1_demo_run_002,Unitree A1,0.4242458657525226,0.32421367223698744,-0.016217496179294577,-0.021168193953248027,0.0065634673965459835,0.265,0.20460885569871265,0.060391144301287364,1,0,59.77776537265323,6.727403227680796,6.115458035284107,57.12364218011327,10.912154921897598,1,0,0,1
152,3.04,a1_demo_run_002,Unitree A1,0.42819299496622537,0.3222366877635215,-0.02006011498722639,-0.02615025667208444,0.006639806357458308,0.265,0.1973564606851376,0.06764353931486242,1,0,59.23803039512236,8.585898704370539,6.750859421956039,58.77271645409646,11.056550694838133,1,0,0,1
153,3.06,a1_demo_run_002,Unitree A1,0.43243349199079345,0.3297088681177032,-0.0168902877101374,-0.023261549049745252,0.006716371568491264,0.265,0.2120248512284047,0.052975148771595315,1,0,56.84127615047528,7.812361890866888,8.060887465310662,56.51476413487155,10.576997145185727,1,0,0,1
154,3.08,a1_demo_run_002,Unitree A1,0.43678579319806526,0.32886270071453405,-0.013873604209740233,-0.020995544797851845,0.006793157963423288,0.265,0.2176150603635897,0.0473849396364103,1,0,60.21959337738679,7.148464378927798,6.681611116942081,57.043319100401206,11.270118879606548,1,0,0,1
155,3.1,a1_demo_run_002,Unitree A1,0.44158314537980053,0.3270529626399077,-0.016855820313624603,-0.023992107558103427,0.006870160455981542,0.265,0.23986760908676236,0.025132390913237657,1,0,59.056958764494375,6.912935828592291,6.304585416088813,57.34625469942636,11.46274129999672,1,0,0,1
156,3.12,a1_demo_run_002,Unitree A1,0.44599514372269944,0.3217241177947062,-0.018613875072443973,-0.019047484498642377,0.0069473739400827475,0.265,0.22059991714494648,0.044400082855053535,1,0,56.56366919399219,11.740468731659359,6.721635755829579,59.49402161135455,10.923937794888417,1,0,0,1
157,3.14,a1_demo_run_002,Unitree A1,0.4506192621707896,0.32597761758014027,-0.018933486684328513,-0.024201165300744433,0.0070247932900750175,0.265,0.23120592240450916,0.03379407759549086,1,0,60.59100272294702,7.631131849749351,5.219402741698762,57.71963991733411,10.330391222840023,1,0,0,1
158,3.16,a1_demo_run_002,Unitree A1,0.454895067327164,0.32525346419725853,-0.018782281342250268,-0.021777105530315116,0.007102413360980702,0.265,0.21379025781871802,0.05120974218128199,1,0,61.33719741083722,5.960220410906225,7.555844243211572,57.51461200993261,10.971892307136345,1,0,0,1
159,3.18,a1_demo_run_002,Unitree A1,0.4590135402535243,0.32457567514558766,-0.018496315426318792,-0.022383132733738282,0.007180228988740227,0.265,0.20592364631801477,0.059076353681985244,1,0,61.326505148088025,7.0224899563743985,4.498582768617126,60.79209396907112,10.551977116237438,1,0,0,1
160,3.2,a1_demo_run_002,Unitree A1,0.4631918447501307,0.3264090515017301,-0.018755232041054608,-0.020354130182818897,0.007258234990456926,0.265,0.2089152248303188,0.05608477516968122,1,0,59.65460237750075,7.927805024733301,6.378229963888279,58.46246958944111,10.570799978124558,1,0,0,1
161,3.22,a1_demo_run_002,Unitree A1,0.4674346474201878,0.3246896378194979,-0.016162655516469712,-0.022203272300036082,0.007336426164642841,0.265,0.2121401335028567,0.052859866497143304,1,0,59.12789620941214,8.76533384566308,8.06313929236304,58.35673883376085,10.852231857812537,1,0,0,1
162,3.24,a1_demo_run_002,Unitree A1,0.4723691143566847,0.3247683912791427,-0.021441790300437195,-0.021106660543468346,0.007414797291465494,0.265,0.24672334682484606,0.01827665317515395,1,0,60.833834007070294,8.77671513041544,7.424267596105803,57.27734539976757,10.718493386795332,1,0,0,1
163,3.2600000000000002,a1_demo_run_002,Unitree A1,0.4766022474457918,0.3243286705816263,-0.016215917179660314,-0.020837476702440922,0.007493343132995616,0.265,0.2116566544553552,0.053343345544644816,1,0,61.24042956800358,8.947260372487136,7.826448802180947,56.8724703628654,10.49241550134138,1,0,0,1
164,3.2800000000000002,a1_demo_run_002,Unitree A1,0.4812402383962845,0.32340741500564346,-0.018648317676343062,-0.021891277643403904,0.007572058433455814,0.265,0.231899547524632,0.033100452475368025,1,0,60.382473958746864,7.097195570707738,6.908936058193667,54.558599203202554,10.411953829557277,1,0,0,1
165,3.3000000000000003,a1_demo_run_002,Unitree A1,0.485466634559318,0.31791650124388987,-0.017068602650161746,-0.01864125279491571,0.007650937919470184,0.265,0.2113198081516741,0.053680191848325925,1,0,57.38744739717762,8.476616620902163,8.637644653379724,58.887724784186325,10.566055338820103,1,0,0,1
166,3.3200000000000003,a1_demo_run_002,Unitree A1,0.49013951493857616,0.322405813396326,-0.01999461136281517,-0.019047313323001372,0.007729976300314845,0.265,0.23364401896290918,0.031355981037090835,1,0,58.89737185059263,6.77351675024519,8.294578875477708,58.070812863028834,10.39280329232743,1,0,0,1
167,3.34,a1_demo_run_002,Unitree A1,0.4946872707496663,0.32062872908001827,-0.014986165265303542,-0.01964483306713076,0.0078091682681693765,0.265,0.22738779055450703,0.03761220944549298,1,0,59.14049721204068,7.132499823780384,7.624597405946744,57.10383872733325,10.178769622832187,1,0,0,1
168,3.36,a1_demo_run_002,Unitree A1,0.4991109720306101,0.31864334855669335,-0.015039687955003433,-0.020270279090592345,0.007888508498369178,0.265,0.22118506404719157,0.04381493595280844,1,0,55.901222800830794,6.715207435699637,8.29856408823896,57.07387544359786,10.334186685589975,1,0,0,1
169,3.38,a1_demo_run_002,Unitree A1,0.5035682737884606,0.32587260467012125,-0.01548414320490972,-0.016964537639363345,0.007967991649658713,0.265,0.22286508789252232,0.04213491210747769,1,0,59.001159733989354,6.336255603562423,8.050592976165007,58.20777568147534,10.463816913108863,1,0,0,1
170,3.4,a1_demo_run_002,Unitree A1,0.5078838649955852,0.325817109746013,-0.02029014649552357,-0.019298289772961958,0.008047612364445627,0.265,0.21577956035623075,0.049220439643769265,1,0,11.182188556371145,59.7432026141326,55.307928037856485,5.323405897688206,10.296330092955706,0,1,1,0
171,3.42,a1_demo_run_002,Unitree A1,0.5124691846767601,0.3247207525431262,-0.015444777218828493,-0.019219412636340614,0.008127365269055765,0.265,0.22926598405874166,0.03573401594125836,1,0,8.895910632121108,59.12653649399838,53.95452243175495,6.674166135824672,9.9497650324685,0,1,1,0
172,3.44,a1_demo_run_002,Unitree A1,0.5168436412038877,0.3217904102252835,-0.016120897669772205,-0.017926189395633323,0.008207244973989008,0.265,0.21872282635637966,0.046277173643620356,1,0,10.062778314018459,59.4389287025396,56.33724027336708,5.909175991950457,10.513046541146602,0,1,1,0
173,3.46,a1_demo_run_002,Unitree A1,0.521038408200525,0.3243602850412795,-0.019954094024609466,-0.013673097732290574,0.008287246074176014,0.265,0.20973834983186826,0.055261650168131754,1,0,8.256080622180187,58.035728881107765,56.425987888290805,9.980112995481445,9.544070538513017,0,1,1,0
174,3.48,a1_demo_run_002,Unitree A1,0.5252257464805175,0.3208469438592201,-0.01659060698616096,-0.020983639022267662,0.008367363149235743,0.265,0.20936691399962182,0.055633086000378196,1,0,7.89749434642265,58.97732115428912,57.10085954843679,8.725917744594621,10.080532619288958,0,1,1,0
175,3.5,a1_demo_run_002,Unitree A1,0.5297662143845641,0.32115870832337523,-0.015597095261199704,-0.015417957603296397,0.008447590763733857,0.265,0.22702339520232828,0.03797660479767173,1,0,8.533779946113366,55.333121428512456,54.176119746148125,4.41623030241049,10.000784854752276,0,1,1,0
176,3.52,a1_demo_run_002,Unitree A1,0.5346491206669988,0.3177548281365499,-0.014984043750884263,-0.021777183459871133,0.008527923467441917,0.265,0.244145314121737,0.020854685878263002,1,0,6.857842692821794,58.9164518081256,54.13080062855959,5.380733722704035,10.156952209663793,0,1,1,0
177,3.54,a1_demo_run_002,Unitree A1,0.5391961961618298,0.32131973429817523,-0.015497778584109103,-0.01619467375807458,0.008608355795597386,0.265,0.2273537747415526,0.03764622525844741,1,0,6.650714737871856,57.86539621624872,55.95659168890288,7.31471605729952,10.224760694823866,0,1,1,0
178,3.56,a1_demo_run_002,Unitree A1,0.5436810306212255,0.3203189983595376,-0.015012233428878554,-0.012485840852815159,0.008688882269164443,0.265,0.2242417229697845,0.040758277030215506,1,0,9.772826380037111,58.40480753227858,55.126146143992635,6.838583703098605,10.330841054265287,0,1,1,0
179,3.58,a1_demo_run_002,Unitree A1,0.5482674451951578,0.3167542778797516,-0.012376379173403649,-0.014879806583428582,0.008769497395095565,0.265,0.22932072869661496,0.03567927130338505,1,0,9.921279280013126,57.96846875612746,52.49891243716144,5.6458649086923565,9.836222080435956,0,1,1,0
180,3.6,a1_demo_run_002,Unitree A1,0.5531030905137555,0.3197279553517774,-0.012587185077934371,-0.015345236076589273,0.008850195666593905,0.265,0.24178226592988725,0.023217734070112767,1,0,6.612451158177709,55.96432726346848,55.57750772988318,10.222667132710685,10.126513000887375,0,1,1,0
181,3.62,a1_demo_run_002,Unitree A1,0.5576822172324177,0.3195038967618075,-0.020476004948640734,-0.016835790025722122,0.008930971563376413,0.265,0.2289563359331101,0.03604366406688991,1,0,9.35519832637541,55.15893326142991,52.37254930811374,7.937555879575611,9.99473848846046,0,1,1,0
182,3.64,a1_demo_run_002,Unitree A1,0.5621142225063701,0.3240466949944036,-0.015066662708981009,-0.015012621954767876,0.009011819551937729,0.265,0.22160026369761696,0.04339973630238306,1,0,7.878256034151571,56.16954346265619,53.556403350877126,8.164742852008327,9.484189416446478,0,1,1,0
183,3.66,a1_demo_run_002,Unitree A1,0.5669143968216194,0.3216402609594567,-0.014438494868959862,-0.015368839384261021,0.009092734085814807,0.265,0.2400087157624624,0.024991284237537603,1,0,8.475732004286602,57.8678093937075,56.68620211393255,6.5311790710749005,10.353874972847805,0,1,1,0
184,3.68,a1_demo_run_002,Unitree A1,0.5715558863783505,0.319287705212077,-0.017278592869614952,-0.016345101178827853,0.009173709605852268,0.265,0.2320744778365589,0.03292552216344111,1,0,8.644306095209089,57.95386422607209,57.26305741996344,8.511183806049203,9.486088290517731,0,1,1,0
185,3.7,a1_demo_run_002,Unitree A1,0.5764668660280331,0.31973791548861386,-0.013239317809690577,-0.014739530361906285,0.009254740540468492,0.265,0.24554898248412657,0.019451017515873442,1,0,9.392090655374046,54.98376272482095,52.921007720768586,6.9673941346251835,9.918076150340442,0,1,1,0
186,3.72,a1_demo_run_002,Unitree A1,0.5810569393559113,0.31908588750912087,-0.010571841777114047,-0.013146947075762687,0.00933582130592239,0.265,0.2295036663939117,0.03549633360608831,1,0,8.115805482608465,55.436852462980596,54.07682776196088,7.103319556809501,9.878490103340505,0,1,1,0
187,3.74,a1_demo_run_002,Unitree A1,0.5853127527871781,0.3183300957196477,-0.014872861579448235,-0.015182554061416062,0.009416946306580888,0.265,0.21279067156333992,0.052209328436660096,1,0,9.97422679342271,55.70976452954867,54.5130742425814,8.355402743755363,9.818086897155904,0,1,1,0
188,3.7600000000000002,a1_demo_run_002,Unitree A1,0.5895375610276815,0.31599601145716855,-0.01164630739112141,-0.014895558928754209,0.009498109935187123,0.265,0.21124041202516877,0.05375958797483124,1,0,8.433177975663895,56.13439268827313,56.862952680355,5.21940340891558,9.594090983665161,0,1,1,0
189,3.7800000000000002,a1_demo_run_002,Unitree A1,0.5944903235671678,0.3181918818992199,-0.013759483730602902,-0.015889719309987147,0.009579306573129253,0.265,0.24763812697431176,0.017361873025688257,1,0,8.873857981457345,54.64052524516403,53.59548402506927,9.735839003791376,9.893486251360873,0,1,1,0
190,3.8000000000000003,a1_demo_run_002,Unitree A1,0.5994638109213634,0.3165744890038505,-0.012870070876768407,-0.011115652495953043,0.009660530590710002,0.265,0.24867436770978044,0.016325632290219577,1,0,6.833432371847855,54.46978075777856,53.53458946891317,7.7553449006134265,9.265899793335846,0,1,1,0
191,3.8200000000000003,a1_demo_run_002,Unitree A1,0.6039836974104755,0.3151870160848281,-0.008159899531463496,-0.010326796700935932,0.0097417763474168,0.265,0.22599432445560588,0.03900567554439413,1,0,11.022122614986767,55.223849498367905,56.28765793865294,9.293321892292594,9.609233877209203,0,1,1,0
192,3.84,a1_demo_run_002,Unitree A1,0.6084577642575993,0.3194668320785975,-0.011778628322540091,-0.010703069133287604,0.009823038192192608,0.265,0.22370334235618952,0.04129665764381049,1,0,8.657754892486953,56.40947733439088,53.51246827132327,5.994412340733654,9.454802650480142,0,1,1,0
193,3.86,a1_demo_run_002,Unitree A1,0.6133775019873605,0.3190458679549784,-0.009338663810134849,-0.008456077747942154,0.009904310463707329,0.265,0.2459868864880615,0.019013113511938518,1,0,8.99819639548314,54.55075863452174,54.966529474322606,6.2075688263605295,9.396907748077913,0,1,1,0
194,3.88,a1_demo_run_002,Unitree A1,0.6176836614125271,0.31348287498884514,-0.013566223661613017,-0.010230982244904336,0.009985587490629888,0.265,0.2153079712583256,0.049692028741674416,1,0,5.748539864303842,55.95692838066815,51.806291011686085,5.873339689760263,9.644260441730486,0,1,1,0
195,3.9,a1_demo_run_002,Unitree A1,0.6220435379976954,0.3175279295754184,-0.005651353474614016,-0.009047332675393507,0.010066863591900878,0.265,0.21799382925841487,0.04700617074158514,1,0,6.848217167689259,57.51711160511363,53.554006314285225,7.850416741730775,9.777664260111004,0,1,1,0
196,3.92,a1_demo_run_002,Unitree A1,0.6267752109639786,0.32021200188808463,-0.007714774740589472,-0.008839736494553387,0.010148133077005825,0.265,0.23658364831415657,0.028416351685843444,1,0,9.733037163086223,54.12937992139772,51.3903611179686,7.592376622685545,9.394081045279572,0,1,1,0
197,3.94,a1_demo_run_002,Unitree A1,0.6312603479097427,0.3202620734398453,-0.008821454578675314,-0.009395613780293494,0.010229390246249026,0.265,0.2242568472882061,0.040743152711793906,1,0,8.401647565609647,55.58025843186658,52.156903900557694,6.849823453076347,9.647044057296442,0,1,1,0
198,3.96,a1_demo_run_002,Unitree A1,0.6358414340349061,0.32007307747619124,-0.006834422388473861,-0.010056920026813831,0.01031062939102796,0.265,0.2290543062581711,0.035945693741828905,1,0,5.320708371239504,57.222057210776825,54.73078376939788,6.080303129960609,9.436665236828913,0,1,1,0
199,3.98,a1_demo_run_002,Unitree A1,0.6403869032484679,0.3175034910704503,-0.010327307394125603,-0.002753460158926452,0.01039184479410828,0.265,0.2272734606780923,0.037726539321907726,1,0,9.453605900577347,55.120668745500446,53.408127164807986,5.726765222376821,9.173779682284092,0,1,1,0
200,4.0,a1_demo_run_002,Unitree A1,0.6450549050988721,0.3151946132149276,-0.004658266125687222,-0.008973778322249363,0.010473030729899323,0.265,0.23340009252020727,0.031599907479792744,1,0,7.238704073906187,54.82271187868702,52.954067431279086,7.432122539341082,9.305582489266664,0,1,1,0
201,4.0200000000000005,a1_demo_run_002,Unitree A1,0.6499818828380215,0.3145023367047191,-0.007180881128192475,-0.009059947523130187,0.010554181464730193,0.265,0.2463488869574709,0.018651113042529116,1,0,9.975843780227397,57.17513336133449,52.27614017887992,6.84817850857596,9.2686805110859,0,1,1,0
202,4.04,a1_demo_run_002,Unitree A1,0.6545949144923509,0.3179808335399779,-0.006444983675088613,-0.005858086275860411,0.01063529125712633,0.265,0.23065158271646594,0.03434841728353408,1,0,7.87703004995482,55.0387572244041,52.9398240270279,6.540150210698433,9.143240594022858,0,1,1,0
203,4.0600000000000005,a1_demo_run_002,Unitree A1,0.6593427726758003,0.3179786791787639,-0.006518867135210046,-0.0058580512713207,0.010716354358086646,0.265,0.2373929091724744,0.027607090827525604,1,0,8.286589360428742,56.935771270720274,53.59545753995615,9.665925280584254,9.39875027902198,0,1,1,0
204,4.08,a1_demo_run_002,Unitree A1,0.6634459796102027,0.3201634235549554,-0.006190781773071835,-0.009541176759605339,0.010797365011361106,0.265,0.2051603467201205,0.0598396532798795,1,0,9.650536410028307,55.91293084210692,54.47596681179415,7.3847440505301725,9.324883570044998,0,1,1,0
205,4.1,a1_demo_run_002,Unitree A1,0.6680313859195842,0.3196131575106235,-0.0031297103598999414,-0.0027611636100263143,0.010878317453728852,0.265,0.22927031546907775,0.03572968453092226,1,0,6.743509840803473,54.756186284730646,49.351516689116714,9.278060107497694,8.843518538463032,0,1,1,0
206,4.12,a1_demo_run_002,Unitree A1,0.672427876337113,0.31645428081811666,-0.003492901566150096,-0.005339375830851393,0.01095920591527678,0.265,0.21982452087644042,0.0451754791235596,1,0,6.6100144690324845,55.83243868395403,51.78997141950485,6.753446944244224,8.803622677730486,0,1,1,0
207,4.14,a1_demo_run_002,Unitree A1,0.6767359116539875,0.3135995473102375,-0.002183418629916758,-0.007414835325516454,0.011040024619678589,0.265,0.2154017658437248,0.049598234156275206,1,0,7.72490221144265,55.53514293169002,53.10578780687795,7.84268679731812,9.298360435796392,0,1,1,0
208,4.16,a1_demo_run_002,Unitree A1,0.6811273094570469,0.31584110299603596,-0.0029836877931132596,-0.0011969739441596823,0.011120767784474298,0.265,0.21956989015297057,0.04543010984702944,1,0,9.15804191946971,56.44235434236065,52.6741852948917,7.422333577241131,8.964412302581588,0,1,1,0
209,4.18,a1_demo_run_002,Unitree A1,0.685650798606515,0.31711438378840456,-0.0014163166492883175,-0.002134201825450265,0.01120142962135019,0.265,0.22617445747340553,0.03882554252659448,1,0,6.136771846341113,54.17302679227538,53.30780886301236,5.1233287666746286,9.220145587327847,0,1,1,0
210,4.2,a1_demo_run_002,Unitree A1,0.690475740209218,0.3160021921558179,-0.0027549186925562904,-0.006387454505821611,0.0112820043364192,0.265,0.24124708013514934,0.023752919864850675,1,0,5.664751560155265,54.92700249860665,53.04909784548506,9.499673628769479,9.31662359608765,0,1,1,0
211,4.22,a1_demo_run_002,Unitree A1,0.6947639003039934,0.3150024453578812,0.003069395921147536,0.0016906733648430219,0.011362486130501726,0.265,0.21440800473877084,0.05059199526122918,1,0,9.15320929786131,54.71283042250047,52.180179270798305,7.310784950154618,8.78075897619962,0,1,1,0
212,4.24,a1_demo_run_002,Unitree A1,0.6993790400200984,0.31702288505120657,-0.0039975727574167366,-0.0006301738747609307,0.011442869199406855,0.265,0.23075698580525297,0.03424301419474704,1,0,7.155830362406195,55.715456309488445,51.80286848036299,8.544985507486144,8.723067359125906,0,1,1,0
213,4.26,a1_demo_run_002,Unitree A1,0.7038718470954618,0.31507800759787163,0.0021892639314918905,-0.0018264650209768233,0.01152314773421397,0.265,0.22464035376817046,0.040359646231829555,1,0,7.4508835819116035,53.22617565423239,52.13126737976636,6.447159788553817,9.472358863142226,0,1,1,0
214,4.28,a1_demo_run_002,Unitree A1,0.7084033599536492,0.31471872513488935,0.002932593099521219,0.0026516159346577466,0.011603315921554738,0.265,0.2265756429093685,0.03842435709063152,1,0,5.400465437283768,56.01807563949759,54.018774750837835,7.269217865788329,9.119784328689024,0,1,1,0
215,4.3,a1_demo_run_002,Unitree A1,0.7132552512784178,0.3170222915495839,-0.0009783207112226459,-0.0004480173156318986,0.011683367943895523,0.265,0.24259456623843054,0.022405433761569477,1,0,7.049428959907225,55.18117511616918,51.32237113565737,6.286406696107304,8.905560078399265,0,1,1,0
216,4.32,a1_demo_run_002,Unitree A1,0.7179966331596503,0.3151972474906911,0.005713134844720687,-0.0004384002398491573,0.011763297979820085,0.265,0.23706909406162716,0.027930905938372858,1,0,7.989405784716389,52.61977442811204,52.1970013375487,9.23039787586875,8.755698019166244,0,1,1,0
217,4.34,a1_demo_run_002,Unitree A1,0.7229307785896067,0.3167748777295626,0.0037730737072214486,-0.0015406996218381198,0.011843100204312706,0.265,0.2467072714978223,0.018292728502177724,1,0,9.302529000672049,56.09136125171357,52.480480663797024,7.935973086430946,8.84071631519491,0,1,1,0
218,4.36,a1_demo_run_002,Unitree A1,0.7275077350860277,0.3168138492934054,0.004250335180762607,0.0020428679800162746,0.011922768789041575,0.265,0.2288478248210493,0.036152175178950724,1,0,6.9202777672715055,57.46503749219074,54.3483061937352,8.013874937353243,8.650153435282615,0,1,1,0
219,4.38,a1_demo_run_002,Unitree A1,0.7319555482455601,0.31325233853561246,0.0028880691216348927,0.00225766252742974,0.012002297902642584,0.265,0.22239065797661747,0.04260934202338254,1,0,10.320326568325495,55.678599393665046,51.6845590013132,9.40145780594697,9.148442111332296,0,1,1,0
220,4.4,a1_demo_run_002,Unitree A1,0.7365173978733618,0.3148717423428516,0.0029190903398133203,0.0015802648520366477,0.012081681711003368,0.265,0.2280924813900845,0.03690751860991551,1,0,7.0416215661482795,56.213766197577414,53.38967734093728,9.118877815658632,8.71351221484599,0,1,1,0
221,4.42,a1_demo_run_002,Unitree A1,0.7411918453090647,0.3196470952414966,0.003453342131501463,4.527856673676011e-05,0.012160914377547677,0.265,0.23372237178514638,0.03127762821485364,1,0,7.043671477780755,54.27671402362382,53.71567749037601,8.5714795505908,9.161508675764845,0,1,1,0
222,4.44,a1_demo_run_002,Unitree A1,0.745851080955806,0.313129145105786,0.005168488729817283,0.002820794326608879,0.012239990063520055,0.265,0.23296178233706286,0.03203821766293716,1,0,10.152300572656923,51.77356408173202,51.846428159604386,5.5095817141475525,8.768702492416667,0,1,1,0
223,4.46,a1_demo_run_002,Unitree A1,0.7502082343303118,0.3107282899641665,0.0077012727598929865,0.0027960184432325626,0.012318902928270764,0.265,0.21785766872528875,0.04714233127471126,1,0,8.296044213309484,51.46166854716664,51.58669312094166,6.526049232676643,8.589061993914813,0,1,1,0
224,4.48,a1_demo_run_002,Unitree A1,0.7548478467549873,0.3113547928630124,0.0057687638207297885,0.00010997154727347474,0.012397647129540992,0.265,0.23198062123377425,0.033019378766225765,1,0,7.227165379383793,54.3456261682715,51.36829571371487,6.094556609584107,8.724664419646631,0,1,1,0
225,4.5,a1_demo_run_002,Unitree A1,0.7595209459431663,0.3160755622985957,0.004085807063325366,0.00023564102905289678,0.012476216823748316,0.265,0.23365495940895326,0.03134504059104676,1,0,7.782813616347169,53.10614117952319,51.41936266199174,8.518547171076118,8.156834076507842,0,1,1,0
226,4.5200000000000005,a1_demo_run_002,Unitree A1,0.7647438360066603,0.31607736721220886,0.008054996400158469,0.005797719720231675,0.012554606166272414,0.265,0.2611445031746958,0.0038554968253042277,1,0,9.894303008558882,52.60224871806135,52.92328509221842,7.738912718450072,8.764610361462635,0,1,1,0
227,4.54,a1_demo_run_002,Unitree A1,0.7698132905486413,0.31570723954012997,0.008740350487872433,-0.0016522922958324042,0.012632809311740977,0.265,0.2534727270990527,0.011527272900947294,1,0,55.884444520691744,7.912154642443855,7.32341396815772,50.808407954668645,8.734485213984373,1,0,0,1
228,4.5600000000000005,a1_demo_run_002,Unitree A1,0.7742277843918415,0.31904183947154285,0.008693308031408727,0.005831253909928398,0.012710820414315871,0.265,0.2207246921600091,0.044275307839990924,1,0,52.6387330801635,8.861819403005804,7.3294055928378175,52.442356762303305,8.96569385730743,1,0,0,1
229,4.58,a1_demo_run_002,Unitree A1,0.7787782911461695,0.3093332803832669,0.00935453969372752,0.004585306044062656,0.012788633627979513,0.265,0.22752533771640024,0.037474662283599774,1,0,53.67471341620627,5.966139434532995,5.424687085468231,50.567681065304384,8.270700525045294,1,0,0,1
230,4.6000000000000005,a1_demo_run_002,Unitree A1,0.7830466976670842,0.317018102158389,0.007794436645010163,0.009511184597390752,0.01286624310682138,0.265,0.21342032604574046,0.05157967395425955,1,0,53.813627697394935,7.371571331607461,5.645513891674671,52.53924089258946,9.015782031990776,1,0,0,1
231,4.62,a1_demo_run_002,Unitree A1,0.7875246629709224,0.3199486578234011,0.006943854789502797,0.005464002836424812,0.012943643005324785,0.265,0.2238982651919095,0.04110173480809051,1,0,52.26138498320882,10.11381895636844,10.000825554687772,50.25175720959136,8.913768618653002,1,0,0,1
232,4.64,a1_demo_run_002,Unitree A1,0.7922201953037212,0.31324629180436936,0.007523372987288637,0.00880032404665114,0.01302082747865376,0.265,0.23477661663994306,0.03022338336005695,1,0,53.52031564491913,6.494596267690076,6.751043984595834,53.266667714994995,9.005192179520286,1,0,0,1
233,4.66,a1_demo_run_002,Unitree A1,0.7971293904158645,0.3151407864099801,0.0064387504809992925,0.006609889413198742,0.013097790682940109,0.265,0.24545975560716293,0.01954024439283708,1,0,53.563335379668665,9.217665662030939,5.915319206190295,53.01391338398325,8.662816956214394,1,0,0,1
234,4.68,a1_demo_run_002,Unitree A1,0.801574155817246,0.3142364987854985,0.010625092561277149,0.008333512336930455,0.013174526775570634,0.265,0.2222382700690731,0.04276172993092692,1,0,55.111254390946236,7.3213769338314085,9.003538831825017,55.11578978871174,8.913535323966011,1,0,0,1
235,4.7,a1_demo_run_002,Unitree A1,0.806036814837254,0.31391514393157105,0.010417035454161994,0.01033439742492148,0.013251029915474468,0.265,0.22313295100040115,0.041867048999598866,1,0,55.16591652210574,8.764111263789934,7.394531968156973,53.59303365811693,8.276555922706018,1,0,0,1
236,4.72,a1_demo_run_002,Unitree A1,0.8101409828325878,0.3153714750713686,0.010127540302574222,0.007775067732097636,0.013327294263410524,0.265,0.20520839976669236,0.05979160023330765,1,0,52.97668434097713,9.536258510084014,7.80941688361033,51.776745990554645,8.807170751367158,1,0,0,1
237,4.74,a1_demo_run_002,Unitree A1,0.8147212793083999,0.3197957892222989,0.00551033936795116,0.011857774410253102,0.013403313982255072,0.265,0.22901482379060126,0.035985176209398756,1,0,53.10160731077887,9.03779447377903,6.8067340946058525,53.47841700852461,8.420890240676782,1,0,0,1
238,4.76,a1_demo_run_002,Unitree A1,0.8190854119956733,0.3208642961859521,0.009331123837549863,0.007312646397682337,0.01347908323728942,0.265,0.21820663436367224,0.04679336563632777,1,0,54.296235390417046,9.272823443099426,6.553857673192474,50.34217221086512,8.185826637911136,1,0,0,1
239,4.78,a1_demo_run_002,Unitree A1,0.823577192615249,0.3154785234842223,0.014461392682333603,0.010959247359897192,0.013554596196487632,0.265,0.22458903097878175,0.04041096902121827,1,0,52.5135785782582,6.387769053228862,6.762579078503793,50.918723913467375,8.302856100837108,1,0,0,1
240,4.8,a1_demo_run_002,Unitree A1,0.8279852852986482,0.3211323320631929,0.011273842059399637,0.012950407739278772,0.013629847030804387,0.265,0.22040463416996242,0.04459536583003759,1,0,54.125097677916926,9.559123589437817,5.0641665615819225,52.70138098108002,8.570699922920275,1,0,0,1
241,4.82,a1_demo_run_002,Unitree A1,0.8325808551548869,0.3165136783641706,0.01369675855023771,0.012709915383476,0.01370482991446284,0.265,0.2297784928119302,0.03522150718806982,1,0,53.14764478704891,6.806229639511252,6.876901626812144,49.183750064131395,8.348873753168235,1,0,0,1
242,4.84,a1_demo_run_002,Unitree A1,0.8367768083731836,0.32086774214979286,0.010555461733483179,0.016261720514553532,0.013779539025242565,0.265,0.20979766091483715,0.055202339085162866,1,0,51.88483162171835,8.363358471800154,7.414446307859664,52.125124739033936,8.634797534812487,1,0,0,1
243,4.86,a1_demo_run_002,Unitree A1,0.8410421034197477,0.3163127416277847,0.01656396473590048,0.009967376019235977,0.013853968544767505,0.265,0.2132647523282097,0.0517352476717903,1,0,51.87526684636744,8.361544661796117,9.590648527381255,50.72217287054517,8.074743148765753,1,0,0,1
244,4.88,a1_demo_run_002,Unitree A1,0.8461700503555809,0.31693977562913234,0.013736380902897093,0.00882785493073721,0.01392811265879399,0.265,0.2563973467916581,0.008602653208341915,1,0,55.21515086076649,8.679171582417414,7.120398691007302,52.267313189811055,7.981237877666564,1,0,0,1
245,4.9,a1_demo_run_002,Unitree A1,0.8504775032722544,0.31759560049416347,0.014930268477085671,0.0101838428791654,0.014001965557498712,0.265,0.21537264583367127,0.04962735416632874,1,0,52.946299338037456,8.471739346484267,3.732152140905573,50.59315271939514,8.842498685873677,1,0,0,1
246,4.92,a1_demo_run_002,Unitree A1,0.854830181887526,0.3247024419091827,0.01931508596667361,0.014708752332126082,0.014075521435766744,0.265,0.21763393076358364,0.04736606923641637,1,0,55.439404070217435,6.818666030065388,6.86842039410153,52.67399756442187,8.71191470793212,1,0,0,1
247,4.94,a1_demo_run_002,Unitree A1,0.8598863883373714,0.31896049334212984,0.01799706148586156,0.014684247849634048,0.014148774493479517,0.265,0.2528103224922705,0.012189677507729535,1,0,52.40304210958431,6.110185622785997,10.835305786351627,52.08674861022782,8.210369999244097,1,0,0,1
248,4.96,a1_demo_run_002,Unitree A1,0.865198360054681,0.3151446346637948,0.01463876108351524,0.014070525669014528,0.014221718935802796,0.265,0.26559858586548024,0.0005985858654802279,1,0,53.51065716563115,9.221288151946476,8.212912728979056,54.001422769999984,8.45883387117963,1,0,0,1
249,4.98,a1_demo_run_002,Unitree A1,0.8695313175057378,0.3194193171922503,0.014339970270346426,0.011376406387012497,0.014294348973474577,0.265,0.21664787255283835,0.048352127447161664,1,0,56.43517311406936,8.260168408526482,5.864755478667976,52.03314553554921,8.701503479497106,1,0,0,1
250,5.0,a1_demo_run_002,Unitree A1,0.8740564195951618,0.3161797411774404,0.015136408748165447,0.016463179378343955,0.014366658823092996,0.265,0.22625510447120353,0.03874489552879648,1,0,51.58916468501676,9.609127577340946,7.82754912020278,50.93201607804839,8.538616439249296,1,0,0,1
251,5.0200000000000005,a1_demo_run_002,Unitree A1,0.8787511948086231,0.31595088256613396,0.0170547273778907,0.011839587310476173,0.014438642707404116,0.265,0.23473876067306387,0.03026123932693614,1,0,50.39827612381618,7.937373892136985,5.961181205154364,51.64847189704415,8.458201524185986,1,0,0,1
252,5.04,a1_demo_run_002,Unitree A1,0.883778176898203,0.31954109295889094,0.016058044674596636,0.018147019371916314,0.014510294855589682,0.265,0.2513491044789963,0.013650895521003736,1,0,54.843787497776404,6.0327698950522555,5.1046694726343995,50.099779131871365,8.682396845519,1,0,0,1
253,5.0600000000000005,a1_demo_run_002,Unitree A1,0.8881526924389267,0.3174449901558744,0.01569749463893787,0.022734331092257382,0.014581609503554752,0.265,0.21872577703618423,0.04627422296381578,1,0,51.874012234282375,9.352581553405749,6.5122828914722986,52.53950623878364,8.213519091152873,1,0,0,1
254,5.08,a1_demo_run_002,Unitree A1,0.8927044284634108,0.31816471529434764,0.019627573483351955,0.016840584787208707,0.014652580894215277,0.265,0.227586801224207,0.03741319877579302,1,0,52.99318215916471,7.48148114647445,7.128137014934405,52.78751799237655,8.391700193823734,1,0,0,1
255,5.1000000000000005,a1_demo_run_002,Unitree A1,0.8975008096057928,0.3176075067437631,0.016655579798389625,0.017708423706888934,0.0147232032777855,0.265,0.23981905711910056,0.02518094288089945,1,0,52.194157179313166,8.47880484038943,4.378982296593247,55.411028271836415,8.367264441415971,1,0,0,1
256,5.12,a1_demo_run_002,Unitree A1,0.9022141680112249,0.31852149329240537,0.021659361884909356,0.015337020802022986,0.014793470912065324,0.265,0.2356679202716018,0.029332079728398214,1,0,53.383790245036884,7.093556800128673,5.39117699324591,51.07762471781928,8.291462904028533,1,0,0,1
257,5.14,a1_demo_run_002,Unitree A1,0.90673207758289,0.31885311895930024,0.017403096062687303,0.012354323665727817,0.014863378062727459,0.265,0.22589547858325532,0.0391045214167447,1,0,51.67318142208408,10.302022394327167,7.014469788455297,51.568941066755976,8.250227787853737,1,0,0,1
258,5.16,a1_demo_run_002,Unitree A1,0.9113072986828138,0.3130620845452206,0.020938778446567705,0.015675768371116415,0.014932919003604455,0.265,0.22876105499618973,0.03623894500381028,1,0,52.74923729674445,6.772809246143524,6.428557553615464,51.13506841717195,8.35401404396824,1,0,0,1
259,5.18,a1_demo_run_002,Unitree A1,0.915583794020654,0.3196878107416789,0.018214287965518435,0.014744918500323967,0.015002088016975595,0.265,0.21382476689201152,0.051175233107988494,1,0,53.62976865034015,7.527598344251356,7.552735779604527,52.236985830881494,8.332601879515092,1,0,0,1
260,5.2,a1_demo_run_002,Unitree A1,0.9201322155411384,0.31568623651953315,0.019541940715038904,0.01414597578588284,0.015070879393853587,0.265,0.2274210760242216,0.03757892397577842,1,0,51.58892136379598,8.150428183776244,5.299464341768014,52.47490947675981,8.050174454074229,1,0,0,1
261,5.22,a1_demo_run_002,Unitree A1,0.9246729608380121,0.31465841999429517,0.01626793024118998,0.022347323193628726,0.015139287434271072,0.265,0.22703726484368508,0.03796273515631493,1,0,52.02261543845206,6.470944742078259,7.999759247974621,51.86795363615726,8.501083182217894,1,0,0,1
262,5.24,a1_demo_run_002,Unitree A1,0.9293324381836701,0.31824394592015876,0.016095441523184973,0.018992989888696524,0.015207306447566947,0.265,0.23297386728290082,0.0320261327170992,1,0,52.52022833185035,8.462727340022633,5.342737264115727,53.46728929653277,8.044955376908737,1,0,0,1
263,5.26,a1_demo_run_002,Unitree A1,0.9338019787096193,0.31872860156582133,0.01879278012827529,0.019520809627910526,0.015274930752672482,0.265,0.22347702629746416,0.041522973702535854,1,0,51.01170458697538,10.256674668454487,9.299828022712681,51.08803396573763,8.222968593552139,1,0,0,1
264,5.28,a1_demo_run_002,Unitree A1,0.9385170147072379,0.3169163716584358,0.019905422676412564,0.01805101544759696,0.0153421546783972,0.265,0.2357517998809301,0.029248200119069923,1,0,52.427591579902554,7.313352975028805,4.597938401870357,53.33943708375138,8.192233100030103,1,0,0,1
265,5.3,a1_demo_run_002,Unitree A1,0.9433609671479714,0.3208619606435836,0.018048269362648188,0.01863447886135015,0.015408972563714528,0.265,0.24219762203667297,0.022802377963327042,1,0,53.19426938032686,8.553199946644416,5.470424021463223,52.72129213507105,8.344149580674186,1,0,0,1
266,5.32,a1_demo_run_002,Unitree A1,0.9479981919051537,0.3155658846667624,0.015418867934241645,0.021712108127524145,0.015475378758047215,0.265,0.23186123785911403,0.033138762140885986,1,0,52.47900658109789,4.150790459546023,7.584319124244561,51.96076570947673,7.713455581610778,1,0,0,1
267,5.34,a1_demo_run_002,Unitree A1,0.9526815443931483,0.31804354301346177,0.015279473524455866,0.019444842510220453,0.015541367621552473,0.265,0.23416762439973582,0.030832375600264195,1,0,52.670509045470645,7.945499119321223,9.329926552096694,51.54851611580356,8.45459760329496,1,0,0,1
268,5.36,a1_demo_run_002,Unitree A1,0.9572922309829779,0.31774087449087113,0.015138483301898854,0.02106814676089559,0.015606933525406867,0.265,0.2305343294914749,0.034465670508525115,0,1,53.036271006944105,7.561740799703313,7.441060250562639,55.40018554151297,10.851285136798138,1,0,0,1
269,5.38,a1_demo_run_002,Unitree A1,0.9618891689848685,0.31923126503722543,0.014434714183705505,0.019457798557760805,0.015672070852090898,0.265,0.229846900094534,0.035153099905466,0,1,52.16142135595247,6.854103356625461,7.788001088255347,50.87406084825164,11.314203447676379,1,0,0,1
270,5.4,a1_demo_run_002,Unitree A1,0.9663118922819317,0.320192020461625,0.018150587605636783,0.01928939770229053,0.015736773995673314,0.265,0.22113616485315782,0.043863835146842195,0,1,54.06390523197064,9.514030657479944,7.024551662342282,52.45159573471764,10.878361995345955,1,0,0,1
271,5.42,a1_demo_run_002,Unitree A1,0.9709827195875101,0.31712464321024997,0.020127852546178812,0.01681494529942937,0.015801037362095108,0.265,0.23354136527892,0.031458634721080014,0,1,55.12536342518518,7.5432588457266405,5.5630421642387295,51.00238747111445,10.9743870557269,1,0,0,1
272,5.44,a1_demo_run_002,Unitree A1,0.9755532038599948,0.3216069225179418,0.017781616865371254,0.015565700415557217,0.015864855369453174,0.265,0.22852421362422987,0.03647578637577015,0,1,52.48505274560809,7.751531518068978,6.313806312464869,54.572350636857905,11.453736780663753,1,0,0,1
273,5.46,a1_demo_run_002,Unitree A1,0.980648355526633,0.3201078204903226,0.013202898539284514,0.020024318207404586,0.015928222448283683,0.265,0.2547575833319122,0.01024241666808784,0,1,53.836262221875266,7.471929975295301,5.303326392026213,53.335401864169235,10.894639151659886,1,0,0,1
274,5.48,a1_demo_run_002,Unitree A1,0.9856177049543554,0.31537673930586607,0.01724215590855924,0.02097784264641239,0.015991133041845056,0.265,0.24846747138612346,0.01653252861387655,1,0,52.84492103601274,5.316457779528893,5.20980604511238,51.16708752217122,8.462354300862755,1,0,0,1
275,5.5,a1_demo_run_002,Unitree A1,0.9903010010298728,0.3153685405003802,0.0171827833150234,0.017769807003921403,0.01605358160640062,0.265,0.2341648037758704,0.030835196224129613,1,0,53.717060909738215,6.415218983892254,7.562448487047645,52.85890404495434,8.151049557045143,1,0,0,1
276,5.5200000000000005,a1_demo_run_002,Unitree A1,0.9947075054299314,0.3203946900701834,0.021569938721012167,0.02103755914372147,0.016115562611500888,0.265,0.2203252200029237,0.04467477999707631,1,0,55.42404849856962,9.345530880568303,5.427550825076853,52.528092021574544,8.233761480000615,1,0,0,1
277,5.54,a1_demo_run_002,Unitree A1,0.9990291075044003,0.32003552460250995,0.014318193569519428,0.02138675945066843,0.016177070540265442,0.265,0.21608010372344577,0.04891989627655424,1,0,53.97223521240059,5.04606909436804,7.447375609412706,51.47163494836711,8.135980704802138,1,0,0,1
278,5.5600000000000005,a1_demo_run_002,Unitree A1,1.0039025036938498,0.3204937620935874,0.016290736459089922,0.01598094650354555,0.01623809988966446,0.265,0.24366980947247374,0.02133019052752627,1,0,50.80705305713977,6.927158510538012,5.177448146890463,53.28546664736329,8.318997884990585,1,0,0,1
279,5.58,a1_demo_run_002,Unitree A1,1.0085520256743827,0.32084856926448524,0.020308652113500414,0.019191644042618878,0.016298645170799788,0.265,0.23247609902664218,0.03252390097335783,1,0,53.956705891766816,7.440391921194331,7.414936228163456,52.799717315132426,7.9241495435424065,1,0,0,1
280,5.6000000000000005,a1_demo_run_002,Unitree A1,1.0132526626449754,0.3216504094421498,0.01760714284093825,0.022595954026545368,0.01635870090918565,0.265,0.23503184852962825,0.029968151470371768,1,0,55.07994654186414,10.441070614208192,6.315844403451853,52.588836754647225,7.837965320309702,1,0,0,1
281,5.62,a1_demo_run_002,Unitree A1,1.017418305910707,0.32362531680756024,0.017629600169752825,0.022633582672861828,0.016418261645028895,0.265,0.20828216328657914,0.05671783671342087,1,0,53.07806380290959,9.076045271694916,8.969261747110902,52.26184487634954,7.9127200128936135,1,0,0,1
282,5.64,a1_demo_run_002,Unitree A1,1.0222241782106478,0.31864973832776694,0.0165136558612458,0.01885965141865582,0.01647732193350879,0.265,0.24029361499704727,0.024706385002952747,1,0,54.81807279659074,7.21996126212566,7.453206453810691,52.959176676304764,8.085614022142174,1,0,0,1
283,5.66,a1_demo_run_002,Unitree A1,1.0269154719735534,0.31867042990283295,0.016711801117995383,0.022207586184657638,0.016535876345056433,0.265,0.23456468814528003,0.030435311854719982,1,0,7.033838242387276,55.28790149585939,53.05321507729351,7.821142726089443,7.9937340976110995,0,1,1,0
284,5.68,a1_demo_run_002,Unitree A1,1.0312301507979007,0.319041383030701,0.017360675416892762,0.02442480400029684,0.016593919465633586,0.265,0.2157339412173713,0.04926605878262871,1,0,5.920245176668817,52.463758685102995,50.30255619745711,7.582730666235024,8.214684208049807,0,1,1,0
285,5.7,a1_demo_run_002,Unitree A1,1.0356971206541752,0.3226727179560152,0.013926354479697338,0.023858453654871905,0.016651445897011147,0.265,0.22334849281372188,0.041651507186278136,1,0,8.197636626365696,54.9536064763156,51.4778327573863,6.602577717617411,8.351393862050523,0,1,1,0
286,5.72,a1_demo_run_002,Unitree A1,1.0403395073455244,0.3252398518992124,0.01702786849101084,0.021714185348462076,0.016708450257047053,0.265,0.23211933456746456,0.032880665432535455,1,0,5.54093259095516,51.68029857710701,50.065895631180474,9.871272737067489,7.769260075145996,0,1,1,0
287,5.74,a1_demo_run_002,Unitree A1,1.0449301586297388,0.3212274387283809,0.012238959609892599,0.02080871351979051,0.016764927179963734,0.265,0.22953256421071616,0.03546743578928385,1,0,7.664320581948972,55.128607871617604,50.90195769098608,6.029412079312034,7.817649078880123,0,1,1,0
288,5.76,a1_demo_run_002,Unitree A1,1.0494370682244265,0.3162310109058106,0.015341954061176848,0.020421161100757413,0.016820871316624998,0.265,0.22534547973438754,0.039654520265612475,1,0,9.801579167703704,53.10222588424121,51.15703455654209,8.098690706431643,7.629895658097151,0,1,1,0
289,5.78,a1_demo_run_002,Unitree A1,1.053988240671688,0.31840584297922686,0.014730249953795477,0.023169545799984856,0.01687627733481245,0.265,0.2275586223630743,0.037441377636925705,1,0,5.326331931955207,52.27710422814816,50.5521282498853,7.051662960777994,8.484265444188626,0,1,1,0
290,5.8,a1_demo_run_002,Unitree A1,1.0585027629906822,0.32076481100839305,0.01281529946846643,0.02248283374244022,0.01693113991950136,0.265,0.2257261159497052,0.039273884050294805,1,0,6.208704485720543,53.46062211012846,49.912334239313914,9.96336617722902,8.040448641070624,0,1,1,0
291,5.82,a1_demo_run_002,Unitree A1,1.06311337121845,0.3216355925294561,0.013665481437610158,0.023553267053713335,0.016985453773135917,0.265,0.23053041138838473,0.03446958861161528,1,0,6.555154856773791,54.201918109014876,49.6821665539966,6.235124447886623,8.071728351593753,0,1,1,0
292,5.84,a1_demo_run_002,Unitree A1,1.0680395286907778,0.3221923101536657,0.012116878282713517,0.022283737800402704,0.017039213615904044,0.265,0.24630787361639211,0.0186921263836079,1,0,7.911352196404656,53.17138542741609,48.43382453895565,6.4706314335355355,7.604104779902683,0,1,1,0
293,5.86,a1_demo_run_002,Unitree A1,1.0719955468292555,0.32349387696017873,0.010858104579620302,0.023964884519738917,0.017092414186011526,0.265,0.19780090692388713,0.06719909307611288,1,0,7.487996500095307,54.691332335367946,50.28028048099067,6.142254711433445,7.9261213635199885,0,1,1,0
294,5.88,a1_demo_run_002,Unitree A1,1.0765097470305482,0.3228028962938706,0.011922580227585088,0.022108019549381366,0.017145050239955613,0.265,0.2257100100646337,0.03928998993536631,1,0,9.958790934374523,53.15272029908433,52.68864672210604,7.952851071330854,8.040856121840347,0,1,1,0
295,5.9,a1_demo_run_002,Unitree A1,1.0811221944460379,0.32639106443085086,0.010039210264178077,0.023776487721796514,0.017197116552798014,0.265,0.23062237077448405,0.03437762922551596,1,0,9.336087660728376,54.89187995140894,49.624526311090236,5.577729076603902,7.8373537708809975,0,1,1,0
296,5.92,a1_demo_run_002,Unitree A1,1.085762370401398,0.32226366025025455,0.01249956659803932,0.023924741542173455,0.017248607918437298,0.265,0.2320087977680073,0.0329912022319927,1,0,8.693382124496036,54.69823090643141,50.00058323404234,6.830060107339127,8.156333117388552,0,1,1,0
297,5.94,a1_demo_run_002,Unitree A1,1.0902413147724637,0.32198435083104837,0.009150331254914268,0.019659009396490082,0.017299519149880614,0.265,0.2239472185532833,0.0410527814467167,1,0,8.203882440081438,54.05088528562895,54.477988459457336,4.486687848004001,8.452088234257682,0,1,1,0
298,5.96,a1_demo_run_002,Unitree A1,1.0943869861032165,0.32552414997845763,0.0124610822978379,0.01706236643914203,0.017349845079514883,0.265,0.2072835665376453,0.05771643346235472,1,0,8.550521687778758,53.57657712903442,51.13563740190533,7.836589895779326,7.623944615209881,0,1,1,0
299,5.98,a1_demo_run_002,Unitree A1,1.0990320851775028,0.3206749634667592,0.008251249124086483,0.025343659906052897,0.01739958055937725,0.265,0.23225495371431681,0.0327450462856832,1,0,6.793224702561275,54.46626226233008,52.53340535515913,6.799699197741233,7.591620542195942,0,1,1,0
300,6.0,a1_demo_run_002,Unitree A1,1.10401214058537,0.325675616314372,0.00904951525855845,0.022018622644815414,0.017448720461424927,0.265,0.2490027703933541,0.015997229606645902,1,0,9.200094494979258,55.08529144865261,53.041582765169906,5.416720558495406,7.61398370049111,0,1,1,0
301,6.0200000000000005,a1_demo_run_002,Unitree A1,1.1082086326789375,0.32514521802151214,0.00849198868861422,0.016972706988612835,0.017497259677804366,0.265,0.2098246046783816,0.055175395321618415,1,0,6.443138043897118,57.26350425172379,53.12944260207735,9.019853164163681,8.22109750635289,0,1,1,0
302,6.04,a1_demo_run_002,Unitree A1,1.1129797146510398,0.32470772509545137,0.011942153345847339,0.019346272539885884,0.017545193121119736,0.265,0.23855409860511048,0.02644590139488953,1,0,9.169527791463123,55.75542091568155,50.13138310930624,5.669266342261086,8.066102624122712,0,1,1,0
303,6.0600000000000005,a1_demo_run_002,Unitree A1,1.1174637938662997,0.32923448471745514,0.009495066800723902,0.022922420752276143,0.017592515724700733,0.265,0.22420396076298987,0.04079603923701014,1,0,9.660599502966363,55.87104189245536,52.00098617234537,8.615721166039501,7.757435580597023,0,1,1,0
304,6.08,a1_demo_run_002,Unitree A1,1.1220111815624947,0.3238956244757028,0.00794600458697978,0.020145536120365314,0.01763922244286967,0.265,0.22736938480974553,0.037630615190254485,1,0,8.295210442923322,58.89415212686762,50.12190747457494,6.518542846417073,7.786095577344805,0,1,1,0
305,6.1000000000000005,a1_demo_run_002,Unitree A1,1.1263197906186417,0.33078904135305714,0.008894656850839662,0.01940671720893191,0.01768530825120786,0.265,0.21543045280735051,0.0495695471926495,1,0,7.753301717453234,55.359289788247935,55.87631500641649,9.742199929053596,7.558289134776882,0,1,1,0
306,6.12,a1_demo_run_002,Unitree A1,1.130800044513649,0.32526159311334135,0.003203748039692242,0.02402144194810777,0.017730768146821268,0.265,0.2240126947503633,0.0409873052496367,1,0,8.560433871633542,55.38327342544608,50.28375623960346,8.549370754496605,7.970229477787356,0,1,1,0
307,6.140000000000001,a1_demo_run_002,Unitree A1,1.135671817407752,0.32281914829914937,0.006846363713460001,0.017723689171266974,0.01777559714860543,0.265,0.24358864470515137,0.02141135529484864,1,0,3.993874281859058,55.75930750388974,51.11576263742809,6.088732980776361,7.6378703061587645,0,1,1,0
308,6.16,a1_demo_run_002,Unitree A1,1.1403706764189443,0.32637256695379985,0.010436160753497577,0.01815958038371642,0.017819790297509644,0.265,0.2349429505596132,0.030057049440386813,1,0,8.423161505879646,53.43111444201484,51.19307894143474,6.216084426905571,7.652772436151367,0,1,1,0
309,6.18,a1_demo_run_002,Unitree A1,1.1453447338653737,0.32369271374447245,0.006208755403655268,0.02048696205157374,0.017863342656800334,0.265,0.24870287232146718,0.016297127678532836,1,0,7.84130440302427,54.29322831763755,50.62277831686682,8.347735287314034,7.854755015659256,0,1,1,0
310,6.2,a1_demo_run_002,Unitree A1,1.1501849182238042,0.3246888954891747,0.005577677170325496,0.020728733469984023,0.01790624931232373,0.265,0.24200921792152208,0.022990782078477934,1,0,7.929120641720212,54.278097342131716,54.6808964165401,7.1326706170057665,7.640142641982101,0,1,1,0
311,6.22,a1_demo_run_002,Unitree A1,1.1548472298914338,0.32774514606750466,0.006031188888331117,0.02077821949391977,0.017948505372767713,0.265,0.23311558338148666,0.03188441661851335,1,0,8.989145518056958,55.96643368393194,56.24881021270846,7.262920490170088,7.612799245196726,0,1,1,0
312,6.24,a1_demo_run_002,Unitree A1,1.159822053487468,0.32832503511441563,0.006214955248036699,0.02159098999352635,0.017990105969922853,0.265,0.24874117980170232,0.01625882019829769,1,0,7.895323509809381,54.889941477761454,52.26238566323862,9.281134406480938,7.658397390251755,0,1,1,0
313,6.26,a1_demo_run_002,Unitree A1,1.1644830632456569,0.32556333743541843,-8.62024849803255e-05,0.01957574769030868,0.018031046258942692,0.265,0.23305048790944458,0.03194951209055544,1,0,6.403710400688379,55.40225789228485,51.151802887173815,6.451835577282061,7.838616835315522,0,1,1,0
314,6.28,a1_demo_run_002,Unitree A1,1.169236828093599,0.32976902677593817,2.5683065243963313e-05,0.020060150914587824,0.018071321418603167,0.265,0.23768824239710798,0.027311757602892034,1,0,7.802036260844471,56.8070635000528,49.94154625235472,7.627811281045636,8.035235416467538,0,1,1,0
315,6.3,a1_demo_run_002,Unitree A1,1.1737201197705411,0.3303750420848153,0.0032895911338047573,0.017937156170254872,0.018110926651561197,0.265,0.2241645838471104,0.0408354161528896,1,0,8.094577677713154,56.56981762048307,52.80519811691444,8.836478911113229,7.753626025602743,0,1,1,0
316,6.32,a1_demo_run_002,Unitree A1,1.178290005757,0.33125170895529066,0.0009154462882412534,0.01848163050780302,0.01814985718461248,0.265,0.22849429932294307,0.03650570067705694,1,0,8.160907476213417,55.21264897474839,52.77858445141987,8.632764483739841,7.791532036339244,0,1,1,0
317,6.34,a1_demo_run_002,Unitree A1,1.1826760110991448,0.3291630150693926,0.004443412223906746,0.018324765818593554,0.01818810826894839,0.265,0.2193002671072329,0.0456997328927671,1,0,8.226687114199095,54.579563605035034,52.385039894133755,7.2765422654710585,7.52399436743109,0,1,1,0
318,6.36,a1_demo_run_002,Unitree A1,1.1874663966660233,0.331425347950195,0.000661601478277873,0.018316188614424342,0.01822567518041204,0.265,0.23951927834392966,0.02548072165607035,1,0,9.455116662885974,57.18626034643022,53.68292604879784,7.095531766806278,7.380067064564842,0,1,1,0
319,6.38,a1_demo_run_002,Unitree A1,1.1917360143750493,0.3234907654011487,-0.0031056401782628305,0.019423904120323385,0.018262553219753428,0.265,0.2134808854513034,0.05151911454869662,1,0,6.479551625752194,56.76043675620503,54.00315193875564,5.065658352470696,7.703374995019082,0,1,1,0
320,6.4,a1_demo_run_002,Unitree A1,1.196475741474212,0.3275725947035698,-0.002301795856846786,0.018586263655538726,0.018298737712883765,0.265,0.23698635495813897,0.028013645041861046,1,0,8.24598063863079,53.5091108544647,53.97987214518817,6.021257010268726,7.565352982743178,0,1,1,0
321,6.42,a1_demo_run_002,Unitree A1,1.2009815284372936,0.3263729860630064,-0.005794511986953292,0.01700665933930452,0.018334224011128844,0.265,0.22528934815408205,0.03971065184591796,1,0,9.805901578065537,55.401077362202905,53.16333834085164,7.945702917204627,7.149351720724649,0,1,1,0
322,6.44,a1_demo_run_002,Unitree A1,1.205813779386889,0.32901016536588484,-0.0012925476365223583,0.0145630346332001,0.018369007491481543,0.265,0.24161254747976998,0.02338745252023003,1,0,5.5715439042879265,56.15355119764989,52.1426858073894,7.3069649354808694,7.405258843781963,0,1,1,0
323,6.46,a1_demo_run_002,Unitree A1,1.2105447767106865,0.3274534680777756,-0.0017294884228413342,0.016436922509683583,0.018403083556853363,0.265,0.23654986618987028,0.02845013381012973,1,0,8.251505353092075,57.09521480851801,54.69682541329602,7.604897909992717,7.448620274825795,0,1,1,0
324,6.48,a1_demo_run_002,Unitree A1,1.2155321868118711,0.32863500205915125,-0.0027288991054290283,0.015871907004101595,0.018436447636325095,0.265,0.24937050505922997,0.01562949494077004,1,0,7.180470097237739,57.36267848567675,53.862514200240774,8.954955053487685,7.32359907350086,0,1,1,0
325,6.5,a1_demo_run_002,Unitree A1,1.2202577235936565,0.3339223814817142,-0.0002478429677746216,0.01609157881086268,0.01846909518539651,0.265,0.23627683908926594,0.02872316091073407,1,0,7.481005461737653,56.57031985400781,55.16963792903617,5.837747647312816,7.803317151329835,0,1,1,0
326,6.5200000000000005,a1_demo_run_002,Unitree A1,1.2244303106244367,0.3289573622025744,-0.0005321079130146578,0.020784235337891234,0.01850102168623506,0.265,0.2086293515390145,0.05637064846098552,1,0,6.733269495499809,57.07711705527505,55.113565460178876,7.16934757687429,7.534313561654695,0,1,1,0
327,6.54,a1_demo_run_002,Unitree A1,1.2289638748126395,0.330578958204918,-0.003790937290935507,0.013610572152439833,0.018532222647923716,0.265,0.22667820941013433,0.03832179058986568,1,0,7.762628998019379,56.43305702147914,52.099067981557766,7.764195348775705,7.738919213172802,0,1,1,0
328,6.5600000000000005,a1_demo_run_002,Unitree A1,1.2332320131224,0.32912464744735653,-0.008237576284638216,0.015620757911407575,0.018562693606707734,0.265,0.21340691548802326,0.05159308451197675,1,0,10.577757860197666,55.4859157872136,52.16422473419909,6.514176087395677,7.442555065640428,0,1,1,0
329,6.58,a1_demo_run_002,Unitree A1,1.2376568643083137,0.33005340518623005,-0.003248221852205771,0.01687433878054899,0.01859243012624048,0.265,0.22124255929568779,0.04375744070431223,1,0,6.229797494351901,56.1500998783964,53.19747821858324,9.504067959498384,7.377921173886681,0,1,1,0
330,6.6000000000000005,a1_demo_run_002,Unitree A1,1.242568647405075,0.33003585377390865,-0.0038827830575084783,0.014079624631282857,0.018621427797828254,0.265,0.2455891548380608,0.019410845161939222,1,0,6.362545996529642,56.62951017030152,52.86003403703822,8.772021522258406,7.104103194258633,0,1,1,0
331,6.62,a1_demo_run_002,Unitree A1,1.2472706257062165,0.33129613325114254,-0.004881119547212366,0.019304131034927237,0.018649682240674103,0.265,0.23509891505707406,0.029901084942925954,1,0,6.177291601771094,56.64188587320641,55.480171836669676,7.906186657924257,7.321717364385129,0,1,1,0
332,6.640000000000001,a1_demo_run_002,Unitree A1,1.2516517668588303,0.33324085678573323,-0.004038585003585553,0.012132957818207082,0.01867718910212061,0.265,0.21905705763069105,0.04594294236930896,1,0,10.418385601279342,54.13858197275965,54.99908222380437,10.011924491060022,7.302285779895627,0,1,1,0
333,6.66,a1_demo_run_002,Unitree A1,1.2559573061263039,0.3345960255640048,-0.008827651236549027,0.013500636601488578,0.018703944057891688,0.265,0.21527696337367608,0.049723036626323935,1,0,7.352724412270199,56.31025841468956,56.130923271546564,5.401546608545801,6.9373373726507594,0,1,1,0
334,6.68,a1_demo_run_002,Unitree A1,1.2605139853004252,0.33139916607912634,-0.0029713141149033846,0.010299759557897161,0.018729942812333266,0.265,0.22783395870606893,0.037166041293931085,1,0,7.964105315513256,57.03414866523567,55.232323865249704,7.489183206452045,7.124135147526237,0,1,1,0
335,6.7,a1_demo_run_002,Unitree A1,1.2647708357644043,0.3322441170255605,-0.009392464976742369,0.011018511355743613,0.018755181098652995,0.265,0.21284252319894992,0.052157476801050096,1,0,7.436103882451264,56.65061372228174,55.054859857134446,8.012871756507685,7.157906715634557,0,1,1,0
336,6.72,a1_demo_run_002,Unitree A1,1.269158634142022,0.32803571811550525,-0.006453483605183947,0.01211458491099821,0.018779654679158854,0.265,0.21938991888088158,0.045610081119118434,1,0,6.677807970235672,56.788365205856785,56.52818347127192,6.219622934488509,7.321618486861516,0,1,1,0
337,6.74,a1_demo_run_002,Unitree A1,1.273782469634539,0.3308332508493475,-0.011798066501691512,0.013197506325966606,0.01880335934549669,0.265,0.23119177462584586,0.03380822537415415,1,0,7.67078909473979,57.906779547362945,55.59226623873612,7.92100035854482,7.312920108298122,0,1,1,0
338,6.76,a1_demo_run_002,Unitree A1,1.2786088132525673,0.3335411026342613,-0.010748056012734866,0.011463742376576254,0.01882629091888669,0.265,0.2413171809014095,0.02368281909859052,1,0,11.441541048031183,55.80298133188595,55.116321886816685,5.950784508696971,7.03140169273463,0,1,1,0
339,6.78,a1_demo_run_002,Unitree A1,1.283304134873875,0.3334900501355094,-0.006311257252448023,0.013393011089461337,0.018848445250358746,0.265,0.23476608106538702,0.030233918934612997,1,0,9.948899289363958,55.12441898856471,57.18016521207551,8.466780245583955,7.27291435952709,0,1,1,0
340,6.8,a1_demo_run_002,Unitree A1,1.287303629310369,0.3319861572566769,-0.010314179642010354,0.00958218776666489,0.018869818220986694,0.265,0.1999747218247075,0.06502527817529252,1,0,56.299918963309594,7.5125622928286555,7.161253236413906,57.825119945434864,7.088962092468318,1,0,0,1
341,6.82,a1_demo_run_002,Unitree A1,1.2919263014794844,0.3338023197351425,-0.008552449929532416,0.008558916335113204,0.01889040574212151,0.265,0.23113360845576553,0.033866391544234486,1,0,58.491156730198874,9.069760167702505,6.57392315311491,56.81412868777392,6.395683358972157,1,0,0,1
342,6.84,a1_demo_run_002,Unitree A1,1.296493469374498,0.33293959497136094,-0.010189448677828058,0.015714599914090466,0.018910203755623294,0.265,0.22835839475068054,0.036641605249319475,1,0,56.51107951594586,10.362574255281293,5.827047437711291,53.92779022863429,6.970343671365051,1,0,0,1
343,6.86,a1_demo_run_002,Unitree A1,1.3011429742637715,0.33483687382375327,-0.011295116388288355,0.009501299052230544,0.01892920823409218,0.265,0.2324752444636674,0.032524755536332606,1,0,55.27906248023558,9.094979534732635,7.984235642663576,55.25714670149544,7.339524170067616,1,0,0,1
344,6.88,a1_demo_run_002,Unitree A1,1.3060813631335817,0.3326799690961991,-0.008769751465270037,0.006274044569680836,0.018947415181098083,0.265,0.24691944349051553,0.01808055650948448,1,0,59.284135597078574,5.944430736183614,8.731870758579456,57.49027791059955,6.6274133024164135,1,0,0,1
345,6.9,a1_demo_run_002,Unitree A1,1.310137047992583,0.3311847692046447,-0.012373076627408913,0.005890317586750396,0.018964820631409276,0.265,0.20278424295005584,0.06221575704994417,1,0,59.5718407662011,7.6746858648725205,6.929177637993198,56.81843466619944,7.053958198191238,1,0,0,1
346,6.92,a1_demo_run_002,Unitree A1,1.3145464451103752,0.3330279917177118,-0.015853248889093553,0.004818901946835109,0.01898142065121982,0.265,0.2204698558896183,0.044530144110381725,1,0,59.50309168613532,8.359288133514141,8.831081873291774,53.10624249920541,7.3998574450442,1,0,0,1
347,6.94,a1_demo_run_002,Unitree A1,1.319239961068363,0.3249731563700793,-0.014279634298874768,0.009063258881015787,0.01899721133837581,0.265,0.2346757978993916,0.030324202100608405,1,0,57.47170217342293,8.248627563693029,4.241978955239794,58.706885789299264,6.790985031260999,1,0,0,1
348,6.96,a1_demo_run_002,Unitree A1,1.3234125501607668,0.3333649422520662,-0.011941189952756706,0.00535394947161717,0.01901218882260045,0.265,0.2086294546201912,0.05637054537980882,1,0,57.98687966918152,8.755026374120023,6.922365275268919,57.247277491603974,6.959114483626512,1,0,0,1
349,6.98,a1_demo_run_002,Unitree A1,1.3283194599859272,0.3233915664060627,-0.012611691937990097,0.006123395497726571,0.01902634926571787,0.265,0.24534549125801738,0.01965450874198263,1,0,59.36081680020224,6.716131474954935,6.943867123053789,55.99821759497918,6.609858472082575,1,0,0,1
350,7.0,a1_demo_run_002,Unitree A1,1.3329610951098168,0.3283055499500969,-0.01688437018758131,0.00518357095657389,0.019039688861875837,0.265,0.23208175619447524,0.03291824380552477,1,0,58.94991595063876,8.090920322571039,5.982207878629715,58.62672290497771,7.319805715636695,1,0,0,1
351,7.0200000000000005,a1_demo_run_002,Unitree A1,1.337718089634345,0.3338419353120213,-0.015534588436636953,0.006705902359436317,0.019052203837767172,0.265,0.23784972622641562,0.027150273773584394,1,0,57.94127268191221,8.58845196168658,10.337405453174622,56.37396182082385,6.869154057243476,1,0,0,1
352,7.04,a1_demo_run_002,Unitree A1,1.3421354998622412,0.33400129516973626,-0.015572811647759291,0.002292834993670422,0.019063890452849945,0.265,0.22087051139480615,0.04412948860519386,1,0,56.316045476087034,9.155939334625124,6.907330314235734,56.44725813912151,6.8784910418484015,1,0,0,1
353,7.0600000000000005,a1_demo_run_002,Unitree A1,1.3468858998504476,0.3299929693560355,-0.015451309735621269,0.0012512045019404889,0.019074744999566483,0.265,0.23751999941031998,0.02748000058968003,1,0,58.832359540568795,6.871994566742091,6.429176919753793,58.001169294814225,7.182118463489506,1,0,0,1
354,7.08,a1_demo_run_002,Unitree A1,1.351698127519043,0.3312069274021593,-0.01777046635600683,0.004029456482318209,0.019084763803561073,0.265,0.24061138342976873,0.02438861657023128,1,0,60.27351355673678,7.516780385859943,7.036346958806907,60.08109590350931,6.9854880453778065,1,0,0,1
355,7.1000000000000005,a1_demo_run_002,Unitree A1,1.3563105484573668,0.3364982096451729,-0.016560659060578603,0.004498050209281326,0.019093943223896438,0.265,0.23062104691619134,0.03437895308380867,1,0,57.17599005877464,4.2146552478973245,4.196060766063839,59.94858343931605,6.577656748451211,1,0,0,1
356,7.12,a1_demo_run_002,Unitree A1,1.360924108648275,0.33194295322796813,-0.017033177752321417,0.003352505904641921,0.019102279653268966,0.265,0.2306780095454113,0.034321990454588724,1,0,59.83630855139311,7.129953245391116,5.936184904517119,58.266800607171554,6.6110647363635975,1,0,0,1
357,7.140000000000001,a1_demo_run_002,Unitree A1,1.3655471069192884,0.33883796220829,-0.014291457159966223,2.187248881687677e-05,0.019109769518222595,0.265,0.23114991355066186,0.03385008644933815,1,0,59.495324132464575,7.26581914984054,8.376535957223567,58.49788236648231,6.872816657284113,1,0,0,1
358,7.16,a1_demo_run_002,Unitree A1,1.3698988701188317,0.33329992245824136,-0.01446115125775898,0.003262583958882223,0.0191164092793615,0.265,0.2175881599771626,0.04741184002283741,1,0,60.170152798181164,6.57258168856558,6.119476503094115,59.04564482998153,6.569137144597,1,0,0,1
359,7.18,a1_demo_run_002,Unitree A1,1.3744233178094558,0.33439526884757925,-0.016601976488565026,-0.0007681568256158863,0.0191221954315614,0.265,0.22622238453120827,0.03877761546879174,1,0,60.42912018001207,8.231857010325712,5.8395747720796205,56.26441024528026,6.171828862046089,1,0,0,1
360,7.2,a1_demo_run_002,Unitree A1,1.3789474939063409,0.33748418578721917,-0.017311288569725795,-0.0006902432906866442,0.019127124504179617,0.265,0.22620880484425512,0.03879119515574489,1,0,58.32411294743713,7.9216763951366245,8.83333589112016,59.01224467242274,6.663695320314556,1,0,0,1
361,7.22,a1_demo_run_002,Unitree A1,1.3836012553579033,0.333832725037167,-0.016449917896523336,-0.0022244626326155107,0.019131193061263815,0.265,0.232688072578121,0.03231192742187902,1,0,57.12020239325728,4.837100571391344,8.876356161332561,57.1685637870175,6.282716676053494,1,0,0,1
362,7.24,a1_demo_run_002,Unitree A1,1.3884039640680432,0.33105876340968277,-0.018551003204993543,0.0029100709125832063,0.019134397701759363,0.265,0.24013543550699412,0.024864564493005892,1,0,58.72414199482869,8.301711157022458,7.723786661025598,58.72751723768424,7.032508132343195,1,0,0,1
363,7.26,a1_demo_run_002,Unitree A1,1.3927137088620387,0.3333460536969038,-0.019384969857931984,0.0007626447644807901,0.019136735059715446,0.265,0.2154872396997716,0.049512760300228414,1,0,60.8024850621047,6.700346216895362,6.362835732345866,58.04809800256528,6.648211120443378,1,0,0,1
364,7.28,a1_demo_run_002,Unitree A1,1.3972485813460207,0.33358335310467324,-0.01913041701422197,0.0002138781600458065,0.01913820180448974,0.265,0.2267436241990953,0.03825637580090471,1,0,58.88502390919584,8.67996454286672,6.664740508837147,59.15264444460945,6.353210851664297,1,0,0,1
365,7.3,a1_demo_run_002,Unitree A1,1.4021701251899827,0.3303087695159979,-0.018663348779403538,0.0013423407660708303,0.019138794640951806,0.265,0.24607719219809987,0.018922807801900143,1,0,58.75774787759761,6.205408253179868,5.874190053795058,58.700165211387386,6.380256115138141,1,0,0,1
366,7.32,a1_demo_run_002,Unitree A1,1.4065588170715486,0.33312550231349836,-0.0198493725180601,0.004779691965051382,0.01913851030968511,0.265,0.21943459407829533,0.04556540592170469,1,0,57.264525519619696,8.042009153943317,5.607317633359897,54.31588529919809,6.057899016851668,1,0,0,1
367,7.34,a1_demo_run_002,Unitree A1,1.4109298273597173,0.3319502569505247,-0.01731185155300114,-0.0070001755863161735,0.01913734558718761,0.265,0.21855051440843537,0.04644948559156464,1,0,62.35253025158323,7.603571339558892,5.537816916368195,58.95129559809493,6.230647203464088,1,0,0,1
368,7.36,a1_demo_run_002,Unitree A1,1.4155479670651925,0.336153464475846,-0.01627483014595825,-0.005046942195982268,0.01913529728607106,0.265,0.23090698527375705,0.03409301472624296,1,0,61.13860275709131,8.424342638930462,6.134723830500709,59.68196571913293,6.73479335462648,1,0,0,1
369,7.38,a1_demo_run_002,Unitree A1,1.4203214803383906,0.33396209488346834,-0.020991408966734598,-0.005213816170773964,0.019132362255258842,0.265,0.2386756636599043,0.026324336340095705,1,0,61.143582628651295,8.174576188711885,5.551390613041357,59.488713377443126,7.013800211332704,1,0,0,1
370,7.4,a1_demo_run_002,Unitree A1,1.4248963966881196,0.3331977188377543,-0.017834494111895437,-0.006271069300046732,0.019128537380182414,0.265,0.22874581748644868,0.036254182513551336,1,0,61.50298552556718,7.642770154969964,4.8108128340395915,58.80158625970239,6.612540860998991,1,0,0,1
371,7.42,a1_demo_run_002,Unitree A1,1.4297888732262671,0.3336645316457556,-0.01837669217095126,-0.00730666180231251,0.019123819582976403,0.265,0.24462382690737638,0.02037617309262363,1,0,61.03729330017111,5.849218760338058,7.307163737655468,61.324329930832704,6.382971853660089,1,0,0,1
372,7.44,a1_demo_run_002,Unitree A1,1.4345694202703507,0.33450919405801605,-0.017290357093157255,-0.00582833995182952,0.01911820582267221,0.265,0.23902735220418309,0.025972647795816928,1,0,59.96883566944883,5.931908851154557,7.328433813250812,59.540600526136494,6.272991921908475,1,0,0,1
373,7.46,a1_demo_run_002,Unitree A1,1.4393478026093318,0.33551094203995263,-0.018020259103244163,-0.00858481990131614,0.019111693095390233,0.265,0.23891911694904983,0.026080883050950188,1,0,60.161856882079626,7.182558285270893,9.381109861799644,59.79604671556404,6.116821495150078,1,0,0,1
374,7.48,a1_demo_run_002,Unitree A1,1.4440586036115906,0.3314832508840023,-0.020907022277775925,-0.005167188406809822,0.019104278434530622,0.265,0.23554005011293525,0.029459949887064768,1,0,59.87197664526407,7.988408162498578,6.064326284303417,60.723444072249976,6.845820950320376,1,0,0,1
375,7.5,a1_demo_run_002,Unitree A1,1.4491965593330087,0.33138828876191245,-0.020514474807168597,-0.006334194541898847,0.01909595891096262,0.265,0.2568977860709076,0.008102213929092439,1,0,64.23782724593232,7.1484528739212365,7.414540825472579,59.845836585531536,6.258602662196171,1,0,0,1
376,7.5200000000000005,a1_demo_run_002,Unitree A1,1.4537281837793725,0.33675977952123437,-0.017905160650680797,-0.005716460267743513,0.019086731633212433,0.265,0.22658122231819008,0.03841877768180993,1,0,61.40524778334291,8.875296702811251,7.437797610984722,58.157206665953325,6.809590031924085,1,0,0,1
377,7.54,a1_demo_run_002,Unitree A1,1.4578297842074726,0.3329691576654213,-0.015865218875815087,-0.006102032649651685,0.019076593747649636,0.265,0.20508002140500498,0.05991997859499504,1,0,60.054562675181906,7.609090713103643,6.644627414424254,56.076133247920964,6.60394364705371,1,0,0,1
378,7.5600000000000005,a1_demo_run_002,Unitree A1,1.462798871714924,0.3304559068689959,-0.0222944253529052,-0.006312675004917524,0.01906554243867212,0.265,0.2484543753725758,0.016545624627424205,1,0,61.43159730936379,6.648982185308686,8.042067024249546,58.89633452619506,5.795240440324448,1,0,0,1
379,7.58,a1_demo_run_002,Unitree A1,1.467274749045204,0.3351016508825562,-0.01710241339973415,-0.009198857242849462,0.019053574928889552,0.265,0.22379386651399596,0.04120613348600405,1,0,59.43978492249501,7.610665189816927,8.085320861591,60.70322511557754,6.0388279728382255,1,0,0,1
380,7.6000000000000005,a1_demo_run_002,Unitree A1,1.47188806221441,0.33514074794447546,-0.015327046988735021,-0.00340371319743902,0.019040688479305328,0.265,0.23066565846029838,0.034334341539701635,1,0,63.03546661936321,8.316203770843174,7.458375533276556,59.2162392050866,6.012938254573223,1,0,0,1
381,7.62,a1_demo_run_002,Unitree A1,1.476791510722138,0.33014184116967554,-0.017909451435094478,-0.00855761624118231,0.01902688038949708,0.265,0.24517242538640827,0.019827574613591747,1,0,60.07684799529367,8.454838606354418,6.642104412933087,60.903947556029614,6.135134573224489,1,0,0,1
382,7.640000000000001,a1_demo_run_002,Unitree A1,1.4809978969353652,0.33452474699144,-0.016384876617312843,-0.01423270719603003,0.0190121479977956,0.265,0.21031931066135812,0.0546806893386419,1,0,61.77605936786772,10.62973078479038,6.499457848023651,60.061268413240725,6.114933644604346,1,0,0,1
383,7.66,a1_demo_run_002,Unitree A1,1.485290239803602,0.3357685289631572,-0.018758177112055466,-0.012510710385267325,0.018996488681462337,0.265,0.21461714341183852,0.050382856588161495,1,0,62.63808712782742,7.063526923995213,5.085144541684118,61.72609657563035,6.854013712345363,1,0,0,1
384,7.68,a1_demo_run_002,Unitree A1,1.4895005183805567,0.33484019034887613,-0.017442519357425343,-0.01477957623335219,0.0189798998568653,0.265,0.21051392884773595,0.05448607115226406,1,0,61.75453321378769,7.89712987377344,5.871715109935232,59.57823671689376,5.810620677377651,1,0,0,1
385,7.7,a1_demo_run_002,Unitree A1,1.4939063952606715,0.33545496637566685,-0.020282480908239836,-0.010803601804926859,0.018962378979653468,0.265,0.22029384400573468,0.044706155994265334,1,0,61.41719098214144,8.596573525547196,6.129189466537637,60.71389509091683,6.112182118260377,1,0,0,1
386,7.72,a1_demo_run_002,Unitree A1,1.4986102990003243,0.33033127650498506,-0.02155146741376841,-0.011564945104485903,0.018943923544929648,0.265,0.23519518698264513,0.02980481301735488,1,0,61.368045755738315,7.967207857118859,5.426439532598792,60.8341034705506,6.184123153293318,1,0,0,1
387,7.74,a1_demo_run_002,Unitree A1,1.503336453280099,0.33463264870886866,-0.014784789990692437,-0.012839668599983419,0.01892453108742179,0.265,0.2363077139887342,0.028692286011265805,1,0,61.34078677093449,7.299134595615886,7.61589355336273,62.293650842128585,6.004710715306319,1,0,0,1
388,7.76,a1_demo_run_002,Unitree A1,1.508005103216124,0.3330077764965348,-0.018433432590908568,-0.007043947138979684,0.018904199181652752,0.265,0.23343249680124006,0.03156750319875995,1,0,60.678177409037424,5.83103995311806,8.675279016581815,57.86655195879722,6.00781359787095,1,0,0,1
389,7.78,a1_demo_run_002,Unitree A1,1.512270414969334,0.3325128242489234,-0.017153378861936668,-0.011095758768801813,0.01888292544210847,0.265,0.21326558766050946,0.051734412339490554,1,0,60.920877260876075,7.2848316173257786,5.72871259473919,59.67737939692817,5.694294526467151,1,0,0,1
390,7.8,a1_demo_run_002,Unitree A1,1.5163224334351417,0.33584787792143006,-0.018780038675204464,-0.011044031464858056,0.018860707523404612,0.265,0.20260092329039053,0.06239907670960948,1,0,63.68500578236427,6.4968166221950785,7.396818010042492,61.56923022161181,5.9574164709268675,1,0,0,1
391,7.82,a1_demo_run_002,Unitree A1,1.5209440253918258,0.33731760089578156,-0.018578078550559464,-0.015571945578921376,0.018837543120451584,0.265,0.23107959783420975,0.03392040216579026,1,0,61.52385863144505,5.58275064642671,5.552244404658406,62.60654879055029,6.034019025919323,1,0,0,1
392,7.84,a1_demo_run_002,Unitree A1,1.525441485904789,0.33804952454674797,-0.01584316889469457,-0.016120849721523035,0.018813429968618026,0.265,0.224873025648156,0.04012697435184401,1,0,60.63671068772007,6.886049621661179,6.573108960685173,60.838189073257745,5.963526253542342,1,0,0,1
393,7.86,a1_demo_run_002,Unitree A1,1.530164600545606,0.33679108717457334,-0.016678598793017536,-0.01390326154829959,0.018788365843892624,0.265,0.236155732040856,0.02884426795914402,1,0,61.07378909672859,6.534071590926963,6.033538589151114,60.15088778749793,5.999721916694714,1,0,0,1
394,7.88,a1_demo_run_002,Unitree A1,1.534948142157882,0.33316650925927527,-0.01417428865870167,-0.01392843148598852,0.018762348563044384,0.265,0.23917708061379123,0.025822919386208787,1,0,63.39564991108914,8.817301163410127,7.842653908049018,61.67799405509498,6.185964257560226,1,0,0,1
395,7.9,a1_demo_run_002,Unitree A1,1.5395986386755187,0.33425575890989057,-0.01372302557325079,-0.019360615721200583,0.018735375983781315,0.265,0.23252482588184603,0.03247517411815398,1,0,62.85823108197207,8.84152857238001,6.04969655662095,61.890317904955324,6.0427957491167135,1,0,0,1
396,7.92,a1_demo_run_002,Unitree A1,1.5444006699130275,0.33522049507161467,-0.01367162171942572,-0.015522535658177255,0.01870744600490738,0.265,0.24010156187543866,0.024898438124561356,1,0,8.784460849525159,60.70290831383254,60.90593032566524,6.99647364986577,5.802227040394386,0,1,1,0
397,7.94,a1_demo_run_002,Unitree A1,1.54907759529139,0.3335322583628842,-0.013508957158048384,-0.015381396708263507,0.018678556566477936,0.265,0.23384626891812094,0.031153731081879077,1,0,7.639470321526292,61.658664948591166,59.19805654699727,7.962430237048565,5.467426684839464,0,1,1,0
398,7.96,a1_demo_run_002,Unitree A1,1.5538290751786161,0.333478527935434,-0.010491362176782267,-0.016291973214315286,0.018648705649953492,0.265,0.23757399436130833,0.027426005638691686,1,0,8.802707458242123,59.474761140785,58.68380363960008,9.152738167376757,5.586447586473856,0,1,1,0
399,7.98,a1_demo_run_002,Unitree A1,1.5582866017417174,0.3351297663709164,-0.01543102154687273,-0.018117654781416425,0.018617891278351836,0.265,0.2228763281550584,0.04212367184494162,1,0,7.099014425069093,61.43619327349468,57.8885110683172,10.146642590584232,5.657749590317079,0,1,1,0
400,8.0,a1_demo_run_002,Unitree A1,1.562872560729203,0.33283744035778745,-0.01304313840591144,-0.017755494236673792,0.01858611151639848,0.265,0.22929794937428968,0.03570205062571033,1,0,7.6365403561159155,62.737447521244576,60.04620426026433,8.539646942929409,5.752084200696508,0,1,1,0
401,8.02,a1_demo_run_002,Unitree A1,1.5675513037975677,0.3310742271962943,-0.010294136554999358,-0.01716352848419543,0.0185533644706755,0.265,0.233937153418227,0.031062846581773024,1,0,9.357726282348443,63.38300815471418,60.99227706800091,7.561794455331831,5.545892811732415,0,1,1,0
402,8.040000000000001,a1_demo_run_002,Unitree A1,1.5723822317105918,0.3317696318506874,-0.009645820249691218,-0.016801202617106648,0.018519648289768688,0.265,0.24154639565120647,0.02345360434879354,1,0,9.22398875048669,61.277653764992436,60.16753265133749,7.424294753546929,5.408164808454756,0,1,1,0
403,8.06,a1_demo_run_002,Unitree A1,1.5769242520672735,0.3342955726198688,-0.014623279678283418,-0.01581499885778159,0.01848496116441301,0.265,0.22710101783408387,0.03789898216591614,1,0,6.625326215668876,63.79492756597763,62.963801863769724,8.280355180071073,5.321820286522792,0,1,1,0
404,8.08,a1_demo_run_002,Unitree A1,1.5816884001733995,0.33261991548489067,-0.011999126411477882,-0.014915424209445326,0.01844930132763642,0.265,0.23820740530630133,0.026792594693698685,1,0,6.802262965927994,60.2453443226883,61.874322925753454,7.33805802052877,5.183002953178768,0,1,1,0
405,8.1,a1_demo_run_002,Unitree A1,1.5862662487972272,0.33336128889286293,-0.008242997734487202,-0.018635695384945333,0.018412667054901976,0.265,0.22889243119138533,0.03610756880861468,0,1,8.152183013938773,60.664172645506966,59.48387863113212,7.765496698631344,8.314148511982623,0,1,1,0
406,8.120000000000001,a1_demo_run_002,Unitree A1,1.5908823024897871,0.3340810339877167,-0.009518426485918056,-0.01931401897877906,0.01837505666424826,0.265,0.23080268462799933,0.034197315372000686,0,1,10.416585324537314,63.44645863512239,59.50957633497029,6.018973229656775,7.982725695014864,0,1,1,0
407,8.14,a1_demo_run_002,Unitree A1,1.595728296321025,0.3313605899342535,-0.009710291097824227,-0.017344703383947883,0.0183364685164281,0.265,0.2422996915618932,0.022700308438106803,0,1,5.318208769743409,64.83311019904667,60.6513742671753,9.315880075087623,8.07743921750837,0,1,1,0
408,8.16,a1_demo_run_002,Unitree A1,1.5998995477637672,0.33407700442268595,-0.010093681910877143,-0.017168230690448448,0.01829690101504558,0.265,0.2085625721371054,0.0564374278628946,0,1,8.389666115398706,63.22346829133864,58.858130114970244,5.90374138199185,8.206702039082092,0,1,1,0
409,8.18,a1_demo_run_002,Unitree A1,1.6042406878750697,0.33301906196690034,-0.009975055399288425,-0.02002850959801036,0.018256352606691343,0.265,0.2170570055651259,0.047942994434874125,0,1,6.073539335797593,62.51380883567538,61.70028027889555,6.895043535365782,7.948988828846769,0,1,1,0
410,8.2,a1_demo_run_002,Unitree A1,1.6085399948938353,0.3288674248715229,-0.008172192094499221,-0.017205738435937378,0.01821482178107619,0.265,0.21496535093828106,0.05003464906171895,0,1,7.111936609064236,59.533144803187156,60.608386696966534,7.636630565192539,8.355886047523223,0,1,1,0
411,8.22,a1_demo_run_002,Unitree A1,1.612637726720423,0.3354397033787133,-0.008786987669778786,-0.01696240765988053,0.018172307071162904,0.265,0.20488659132938425,0.060113408670615764,1,0,7.489800214710062,59.80956730576533,60.49439593205909,10.287381631844095,5.624178138336869,0,1,1,0
412,8.24,a1_demo_run_002,Unitree A1,1.6171355408926924,0.3304585973401819,-0.007893841810518467,-0.01640263047852497,0.01812880705329639,0.265,0.22489070861346652,0.04010929138653349,1,0,7.411288319188353,62.855223501429826,61.128823278663724,6.908243821206741,5.280139763989089,0,1,1,0
413,8.26,a1_demo_run_002,Unitree A1,1.621978829987848,0.3274463262200851,-0.0071711778743046685,-0.015397242560828098,0.018084320347332043,0.265,0.242164454757773,0.022835545242227,1,0,7.252685684477108,62.20427427994539,62.60930137336791,6.567577860455446,5.286818770477806,0,1,1,0
414,8.28,a1_demo_run_002,Unitree A1,1.626576739081838,0.3288422031189959,-0.008197870093619681,-0.022210906108111488,0.0180388456167624,0.265,0.22989545469950415,0.035104545300495865,1,0,8.010089884526918,61.187349115062155,60.46543512833462,6.728856315732688,5.509222115481317,0,1,1,0
415,8.3,a1_demo_run_002,Unitree A1,1.6312933748754574,0.3287701458396291,-0.005284902016608946,-0.020202468546089102,0.01799238156884199,0.265,0.2358317896809776,0.02916821031902242,1,0,7.25064220671719,62.85565491847424,60.09509641387974,9.822456034655836,5.175369941045097,0,1,1,0
416,8.32,a1_demo_run_002,Unitree A1,1.6362268663433346,0.33131839423266135,-2.2613237597221732e-05,-0.020391804611686475,0.017944926954710463,0.265,0.24667457339386217,0.01832542660613784,1,0,5.9525596612041864,62.95190935239251,62.39130389301792,3.5627142090915704,5.137409117908454,0,1,1,0
417,8.34,a1_demo_run_002,Unitree A1,1.6412205311599912,0.33036585121704987,-0.00890195644061539,-0.020838317655411342,0.017896480569513946,0.265,0.24968324083282958,0.01531675916717043,1,0,9.091817457531887,64.13814011914674,61.657890169450326,6.096166782991978,5.611665703534323,0,1,1,0
418,8.36,a1_demo_run_002,Unitree A1,1.645881926442792,0.33006828812639755,-0.004192212791594706,-0.022379694192431514,0.017847041252524634,0.265,0.23306976414003777,0.03193023585996224,1,0,9.054021034008432,63.030841556375215,59.87664264921392,11.323804192823372,5.513265779774878,0,1,1,0
419,8.38,a1_demo_run_002,Unitree A1,1.6508877706297556,0.33231694835266173,-0.005848685940095335,-0.02462403611966517,0.017796607887258554,0.265,0.2502922093481783,0.014707790651821706,1,0,9.180444034031737,64.58139110963914,60.354434462334794,8.327234902888291,5.422517937560422,0,1,1,0
420,8.4,a1_demo_run_002,Unitree A1,1.6555938863036028,0.3314722039867695,-0.0026578245914679497,-0.020822145189350525,0.017745179401591604,0.265,0.23530578369236624,0.029694216307633775,1,0,5.842971705230285,62.89326416004019,60.64032290023929,5.951621070925092,5.4836914626236455,0,1,1,0
421,8.42,a1_demo_run_002,Unitree A1,1.660079963789882,0.3312650171655492,-0.00320054089862865,-0.023108496206305652,0.017692754767873776,0.265,0.22430387431396123,0.04069612568603878,1,0,8.41848541361781,62.73942318683158,60.89139461482635,7.44131482495532,4.738353109368508,0,1,1,0
422,8.44,a1_demo_run_002,Unitree A1,1.6646274341911151,0.3313494743657659,-0.0012481234181052287,-0.021096373956098546,0.01763933300304157,0.265,0.22737352006165704,0.03762647993834298,1,0,8.946370398129693,64.40812881618295,58.502128293904654,7.594436392495006,5.551770993058483,0,1,1,0
423,8.46,a1_demo_run_002,Unitree A1,1.6689653305350551,0.3317129345536338,0.00010340067245881998,-0.023410145979297973,0.017584913168728632,0.265,0.2168948171969968,0.048105182803003216,1,0,6.556317104184581,61.5638483285854,58.256840487295484,8.684575344267849,5.292217884199315,0,1,1,0
424,8.48,a1_demo_run_002,Unitree A1,1.6734485268817563,0.324748164220404,-0.001336605598093287,-0.02427773760165647,0.017529494371374552,0.265,0.22415981733505333,0.040840182664946684,1,0,8.01284254745498,66.88783488153048,59.18735807827611,10.075302803951589,5.428042862819481,0,1,1,0
425,8.5,a1_demo_run_002,Unitree A1,1.6780620989985904,0.32895022374214195,0.0010703104245067439,-0.02103622665608444,0.017473075762331862,0.265,0.23067860584170513,0.03432139415829488,1,0,7.837226696565488,63.48527627472204,59.090885352861186,8.043972353790902,5.253541893184154,0,1,1,0
426,8.52,a1_demo_run_002,Unitree A1,1.6829576269979787,0.32425195613820407,-0.005353703639129877,-0.021327831638893447,0.01741565653797123,0.265,0.24477639996941433,0.02022360003058568,1,0,10.579010921995568,63.50374452117226,59.550406604950034,6.744296375781855,5.150649087054931,0,1,1,0
427,8.540000000000001,a1_demo_run_002,Unitree A1,1.6880764741784813,0.3296317521093586,0.0030450583563867363,-0.020329836205003005,0.01735723593978479,0.265,0.25594235902512963,0.009057640974870385,1,0,10.694294451817601,63.71474256981652,61.3490187769307,8.601918218937486,5.051523114229198,0,1,1,0
428,8.56,a1_demo_run_002,Unitree A1,1.6924538307413213,0.3293671697444836,0.0011436571820234761,-0.016375995720047522,0.017297813254487676,0.265,0.2188678281420012,0.04613217185799881,1,0,5.669901049337719,65.61497780464944,60.2310064507631,6.522446224391994,5.194338624733643,0,1,1,0
429,8.58,a1_demo_run_002,Unitree A1,1.6972604295653424,0.33182783231336127,0.0030782583055878393,-0.021199724046668103,0.0172373878141177,0.265,0.2403299412010559,0.0246700587989441,1,0,11.491497808019185,64.10222710321467,60.74796050481237,6.053327505615359,5.0070905836054305,0,1,1,0
430,8.6,a1_demo_run_002,Unitree A1,1.7017262812714484,0.3320165081319229,-0.0009889391945106156,-0.020722190219414693,0.01717595899613317,0.265,0.22329258530530305,0.041707414694696965,1,0,6.718683990385347,60.74971790455443,58.762899650094354,5.036127579260977,5.284747739136686,0,1,1,0
431,8.620000000000001,a1_demo_run_002,Unitree A1,1.706559074268844,0.3293860236643794,0.00031625829556912455,-0.024660378922568272,0.017113526223508913,0.265,0.24163964986977512,0.02336035013022489,1,0,9.372942612058395,64.9640825741465,59.832955989963786,5.308820247699439,4.654194898541758,0,1,1,0
432,8.64,a1_demo_run_002,Unitree A1,1.7112497835433236,0.3274581636736836,0.0027949496360330623,-0.02520494444175786,0.017050088964830387,0.265,0.23453546372398767,0.03046453627601234,1,0,9.358697173209222,62.522743994042905,61.30215996349806,6.244976781426019,4.898727562889155,0,1,1,0
433,8.66,a1_demo_run_002,Unitree A1,1.7155358610201814,0.32975033969235984,0.002992107126014771,-0.018041411721570116,0.016985646734385972,0.265,0.2143038738428863,0.05069612615711372,1,0,6.6060336824214705,63.149138630269384,61.31209010861008,5.851094325218781,5.528924722718656,0,1,1,0
434,8.68,a1_demo_run_002,Unitree A1,1.7204874919028836,0.32704447807115405,0.0041128123210810285,-0.024307598436235534,0.01692019909225735,0.265,0.24758154413511624,0.017418455864883775,1,0,8.690574911374739,61.205635733644975,59.462324283439656,7.938531138324604,4.845083738989218,0,1,1,0
435,8.700000000000001,a1_demo_run_002,Unitree A1,1.725074495482064,0.32818616565456715,0.006233129870371086,-0.024598776767306922,0.016853745644408103,0.265,0.22935017895902393,0.03564982104097608,1,0,7.84945275802751,63.72909216624525,60.6990403081683,5.820837443846351,4.92610793506881,0,1,1,0
436,8.72,a1_demo_run_002,Unitree A1,1.7296819462225268,0.33047897884883726,0.0010475679177348522,-0.02206629016563746,0.016786286042770326,0.265,0.23037253702313795,0.03462746297686206,1,0,8.776062006485347,62.074653043170095,63.54550096216934,3.098867177165359,4.749601069404177,0,1,1,0
437,8.74,a1_demo_run_002,Unitree A1,1.734164193872339,0.32644189250940153,0.0070355957620717455,-0.022163268469763794,0.016717819985329452,0.265,0.22411238249061075,0.04088761750938927,1,0,8.322941223332876,63.119333841037,60.43529539297439,6.038523515574748,5.038969796238778,0,1,1,0
438,8.76,a1_demo_run_002,Unitree A1,1.7387495734059042,0.3296719692928997,0.0056100694787022745,-0.02415293111004439,0.016648347216207133,0.265,0.22926897667824858,0.03573102332175143,1,0,9.674875279518346,62.57223110200211,59.48070919652749,6.839396493190013,4.75600093324879,0,1,1,0
439,8.78,a1_demo_run_002,Unitree A1,1.7435981112565893,0.32917157443148803,0.005686651652769934,-0.02260762756557837,0.016577867525742265,0.265,0.2424268925342485,0.022573107465751502,1,0,8.105559360404488,65.6542180736655,60.19756480007887,6.652370716979249,4.879021816841184,0,1,1,0
440,8.8,a1_demo_run_002,Unitree A1,1.7483019901868746,0.3249103142691416,0.003647423189895378,-0.018709961490165752,0.016506380750570142,0.265,0.23519394651426767,0.029806053485732342,1,0,7.764976302803165,65.72195565332073,60.557967534329805,9.627334551032858,5.12329895993753,0,1,1,0
441,8.82,a1_demo_run_002,Unitree A1,1.753133636333664,0.3295502548814586,0.008085489297542822,-0.02372629686443991,0.01643388677369961,0.265,0.24158230733947592,0.023417692660524098,1,0,9.534489926280052,62.99786549546134,60.2038014419075,6.64104041699519,4.72235123885724,0,1,1,0
442,8.84,a1_demo_run_002,Unitree A1,1.7579767502666785,0.3286792430122461,0.002734790960817461,-0.025113145970603084,0.01636038552458843,0.265,0.2421556966507227,0.022844303349277312,1,0,8.812554350802044,63.00664106185798,60.356492794356804,8.733292848478877,5.080458091797463,0,1,1,0
443,8.86,a1_demo_run_002,Unitree A1,1.7630534623585363,0.3270041105848207,0.009336867465752633,-0.019179911399353888,0.0162858769792167,0.265,0.2538356045928868,0.011164395407113226,1,0,9.024538752049242,62.37695188817664,58.36295564371174,7.473424360446794,5.075430614574065,0,1,1,0
444,8.88,a1_demo_run_002,Unitree A1,1.7677344622211646,0.3246591967233548,0.005525985968062709,-0.020202906383849677,0.016210361160158324,0.265,0.23404999313140828,0.03095000686859173,1,0,7.0695786588379645,64.42926090956281,59.017935352280226,7.440773384058362,5.120486187919138,0,1,1,0
445,8.9,a1_demo_run_002,Unitree A1,1.7721468142157182,0.3242320205927852,0.009079870427990556,-0.022872069502754375,0.016133838136650615,0.265,0.22061759972768394,0.044382400272316075,1,0,6.536632106042136,62.39983088300687,60.13683662151456,6.330467595612748,4.879063190236924,0,1,1,0
446,8.92,a1_demo_run_002,Unitree A1,1.7771732883316285,0.32485031051562896,0.009189612379924432,-0.025153239196043276,0.01605630802466194,0.265,0.2513237057955094,0.013676294204490624,1,0,7.205188999446218,62.248306444319894,60.09327632563951,7.417704287786926,5.641731224191034,0,1,1,0
447,8.94,a1_demo_run_002,Unitree A1,1.7818676277479084,0.3273648660216904,0.012213866722761453,-0.022926411271809763,0.01597777098695749,0.265,0.23471697081399512,0.030283029186004895,1,0,7.130850060047176,64.18446921147134,59.50919664944277,6.428865422343616,5.082846809151402,0,1,1,0
448,8.96,a1_demo_run_002,Unitree A1,1.7869125947696263,0.32343279220148924,0.00995577887325646,-0.021058690555429024,0.015898227233163042,0.265,0.2522483510858959,0.01275164891410413,1,0,9.10067897611408,62.03548953610793,60.02972491826218,7.738034039956399,4.8885386607694885,0,1,1,0
449,8.98,a1_demo_run_002,Unitree A1,1.791785650221349,0.32672875430302495,0.009354190157755486,-0.017854938720282012,0.015817677019826868,0.265,0.24365277258613796,0.021347227413862052,1,0,9.366377670411673,62.709337155859885,60.3371272335042,7.169250514326836,4.576753325419543,0,1,1,0
450,9.0,a1_demo_run_002,Unitree A1,1.7965388135535796,0.32234342783451375,0.010149347834978523,-0.023197948476791665,0.01573612065047966,0.265,0.23765816661153302,0.02734183338846699,1,0,7.78281759465464,60.51987080880138,61.46953650593443,6.17752089353176,4.760194333169167,0,1,1,0
451,9.02,a1_demo_run_002,Unitree A1,1.8014107582182823,0.3247502938130086,0.014118749219463737,-0.020645429803042237,0.015653558475692518,0.265,0.24359723323514282,0.021402766764857195,1,0,10.003286626354093,63.6895192665713,60.05661024274644,8.888652075580833,5.130075104337101,0,1,1,0
452,9.040000000000001,a1_demo_run_002,Unitree A1,1.8066708519367671,0.3253471202328614,0.013045997565456305,-0.018564248428186932,0.01556999089313302,0.265,0.2630046859242421,0.0019953140757579257,1,0,9.915857151271181,65.38925849503057,60.72390747638647,8.097576672029996,5.190220709039477,0,1,1,0
453,9.06,a1_demo_run_002,Unitree A1,1.811964799789829,0.33099833009814517,0.011592206740228653,-0.02601368784332053,0.015485418347619295,0.265,0.2646973926530908,0.00030260734690923385,1,0,62.97965082484765,9.00971552191971,6.241759577992511,60.75882666725001,5.122072205966053,1,0,0,1
454,9.08,a1_demo_run_002,Unitree A1,1.816780554600754,0.3212547691780963,0.012269942670083845,-0.017274983464879885,0.015399841331172196,0.265,0.2407877405462569,0.024212259453743112,1,0,61.45355794755325,10.046518834566227,7.800934013037875,61.555812565008665,4.938749636567846,1,0,0,1
455,9.1,a1_demo_run_002,Unitree A1,1.8216217429042085,0.3281907793608598,0.009976827716085646,-0.02260511970374922,0.01531326038306548,0.265,0.2420594151727242,0.022940584827275817,1,0,64.77352581296755,6.815457009351737,7.526022416657299,61.19928700357989,4.418806304856557,1,0,0,1
456,9.120000000000001,a1_demo_run_002,Unitree A1,1.8266864301532233,0.3246982459508119,0.014245135650935032,-0.01859926338014817,0.01522567608987404,0.265,0.25323436245074143,0.011765637549258579,1,0,62.44485624781193,8.330853994839481,8.212143804451747,60.06504761629808,4.8450890310132255,1,0,0,1
457,9.14,a1_demo_run_002,Unitree A1,1.831293515409548,0.32516476023053964,0.010293911344651081,-0.01858362137571154,0.015137089085520167,0.265,0.2303542628162393,0.03464573718376071,1,0,62.66769627760367,6.679576105882854,7.998844647422283,61.33993842317793,4.403831724019531,1,0,0,1
458,9.16,a1_demo_run_002,Unitree A1,1.8361871571520145,0.324246265364644,0.015650542632451366,-0.016250866884765326,0.015047500051317884,0.265,0.244682087123324,0.020317912876676003,1,0,61.97491782141106,7.68112823618612,7.824229872033604,60.33194110338472,4.333503724924069,1,0,0,1
459,9.18,a1_demo_run_002,Unitree A1,1.840998321937353,0.32487623331333204,0.014725362862911708,-0.017338064472849555,0.014956909716015217,0.265,0.24055823926692393,0.02444176073307608,1,0,61.162487100638344,9.081096068293506,6.862215627879108,59.83712231643719,4.756654645998185,1,0,0,1
460,9.200000000000001,a1_demo_run_002,Unitree A1,1.8458947042689084,0.3231947604518745,0.01955067848196352,-0.024402799869006904,0.01486531885583462,0.265,0.2448191165777767,0.020180883422223322,1,0,60.308469841282886,8.142548858344618,7.342914917862255,58.84539948047668,4.819461162996214,1,0,0,1
461,9.22,a1_demo_run_002,Unitree A1,1.8505194174918107,0.32702927235415,0.012872377224465999,-0.020156996509662302,0.014772728294511301,0.265,0.2312356611451149,0.03376433885488511,1,0,63.20550939130195,6.02230256835829,8.488912499832137,60.57105356860123,4.906603249281881,1,0,0,1
462,9.24,a1_demo_run_002,Unitree A1,1.8549663246945993,0.3220688396873147,0.015150159915704493,-0.01757641186498005,0.01467913890332965,0.265,0.22234536013942685,0.04265463986057316,1,0,61.176233064986135,6.158959252247145,6.087095602836088,61.821293573049786,4.797440373156291,1,0,0,1
463,9.26,a1_demo_run_002,Unitree A1,1.8593008974295484,0.3258572514997014,0.019221612932294727,-0.018127781315145117,0.014584551601157679,0.265,0.21672863674745013,0.04827136325254988,1,0,66.50842654189103,6.066370495912917,6.120229109824388,60.008058070139164,4.798747976811645,1,0,0,1
464,9.28,a1_demo_run_002,Unitree A1,1.8638685024567758,0.3212332512412946,0.018263854749584786,-0.016156375374605906,0.014488967354479392,0.265,0.22838025136136936,0.036619748638630656,1,0,60.655271403375025,8.688033625915427,7.254003957130506,64.46125109967299,4.412679341608911,1,0,0,1
465,9.3,a1_demo_run_002,Unitree A1,1.8685978885553445,0.32251197905507545,0.01473095234014598,-0.015078857108924804,0.014392387177425291,0.265,0.23646930492843454,0.02853069507156547,1,0,60.36475016852775,10.889452349919335,7.581391566371635,62.12254383594546,4.6258830239116335,1,0,0,1
466,9.32,a1_demo_run_002,Unitree A1,1.8733706835922734,0.31980215637567616,0.01679966572229736,-0.015224957043107274,0.01429481213180079,0.265,0.23863975184644431,0.0263602481535557,1,0,62.78722742272355,9.907441541600297,5.846250901030394,62.6576347421721,4.268924114737661,1,0,0,1
467,9.34,a1_demo_run_002,Unitree A1,1.8786824742371524,0.3234401689577732,0.01656993992437831,-0.016967672908837123,0.014196243327112683,0.265,0.26558953224394377,0.0005895322439437578,1,0,64.16067325861098,5.345620721195511,6.895332411221368,61.892581917198896,4.138726113573168,1,0,0,1
468,9.36,a1_demo_run_002,Unitree A1,1.883798462655684,0.3257371421497159,0.017329733926377325,-0.02072596196570962,0.014096681920593629,0.265,0.25579942092658525,0.00920057907341476,1,0,62.05533230681872,9.989506313297698,6.868401716079701,63.319619616270245,4.818880538891845,1,0,0,1
469,9.38,a1_demo_run_002,Unitree A1,1.8884218057345112,0.32175390248505,0.01555384003874536,-0.01691934326734066,0.013996129117224575,0.265,0.2311671539413571,0.033832846058642924,1,0,62.71000789752177,9.310960583820506,3.898607838155141,59.56888836221283,4.439873874828519,1,0,0,1
470,9.4,a1_demo_run_002,Unitree A1,1.8933631951367118,0.321279369276787,0.01694327621287073,-0.014402783006407446,0.013894586169755247,0.265,0.24706947011003078,0.017930529889969238,1,0,59.27057169463889,5.8365800762597395,6.692568415037736,57.02947497757739,4.840995477724493,1,0,0,1
471,9.42,a1_demo_run_002,Unitree A1,1.8981271290464607,0.3188107328765706,0.014081718096058866,-0.01782558649054474,0.013792054378722584,0.265,0.2381966954874416,0.026803304512558412,1,0,60.84441828428046,7.5755177366053035,6.7797550340121475,59.932499907589914,4.894951370113224,1,0,0,1
472,9.44,a1_demo_run_002,Unitree A1,1.9029242060063063,0.32085121223468355,0.01768903044255989,-0.013169910942689508,0.013688535092467206,0.265,0.2398538479922758,0.025146152007724215,1,0,60.230014968537965,9.533731376094133,6.775589880047773,61.27992145531049,4.458303348410143,1,0,0,1
473,9.46,a1_demo_run_002,Unitree A1,1.9078376977145617,0.31727117863813714,0.01844471851222509,-0.012118774407676319,0.013584029707147845,0.265,0.24567458541277443,0.019325414587225587,1,0,59.018921299443534,8.770606915308699,8.982279984408175,60.65066954003033,4.756249933764786,1,0,0,1
474,9.48,a1_demo_run_002,Unitree A1,1.9128589986783966,0.3188013159114802,0.017200556004326836,-0.013707449908194577,0.01347853966675377,0.265,0.25106504819174785,0.01393495180825216,1,0,61.77345247098323,6.16726692665682,5.2978823820875744,60.76314819583769,4.4391902934565,1,0,0,1
475,9.5,a1_demo_run_002,Unitree A1,1.917653959348227,0.32148252238797503,0.01452073898073163,-0.02131229908282684,0.013372066463115222,0.265,0.23974803349151516,0.025251966508484852,1,0,58.40622287725484,8.855039018114672,5.845528400313542,62.16453192029708,4.139081329722484,1,0,0,1
476,9.52,a1_demo_run_002,Unitree A1,1.9227893450939588,0.3240469093589631,0.01980799612821059,-0.016469850448769502,0.013264611635911777,0.265,0.2567692872865946,0.00823071271340542,1,0,59.63043634002018,5.007499165487177,3.3429258823529326,60.78676108293926,4.627710518018924,1,0,0,1
477,9.540000000000001,a1_demo_run_002,Unitree A1,1.9273990152261595,0.3276080674315945,0.018624650548987785,-0.00817466356318932,0.013156176772678786,0.265,0.23048350661004055,0.03451649338995946,1,0,60.66361764503659,7.688048953939904,6.326716667356203,61.30585327614969,4.475753517974292,1,0,0,1
478,9.56,a1_demo_run_002,Unitree A1,1.9322879404880775,0.31895615762560503,0.016492758840777905,-0.013865896352735272,0.013046763508811683,0.265,0.2444462630959033,0.020553736904096703,1,0,60.18493792816833,9.593139477160069,6.4460990242235985,58.806375497935974,4.480291285851664,1,0,0,1
479,9.58,a1_demo_run_002,Unitree A1,1.9378024486972876,0.32385043742772385,0.017417254650771676,-0.01706341841058747,0.01293637352756837,0.265,0.275725410460502,0.01072541046050196,1,0,61.8356521530713,8.025751901799847,6.286031953132041,58.52151548007933,5.081239497992849,1,0,0,1
480,9.6,a1_demo_run_002,Unitree A1,1.9427507104215918,0.3207131912029998,0.014995232071064655,-0.008612730807070208,0.012825008560069519,0.265,0.24741308621521452,0.017586913784785496,1,0,61.63935017760609,7.3014874300532755,8.550748275277265,62.24706664299804,4.203274057210194,1,0,0,1
481,9.620000000000001,a1_demo_run_002,Unitree A1,1.9479930534004057,0.31956943885661865,0.01594829910759269,-0.011259719739910431,0.012712670385296877,0.265,0.2621171489407034,0.0028828510592965872,1,0,62.39265217603566,9.245084755281288,8.204864531271749,60.0597694022974,4.678030727796871,1,0,0,1
482,9.64,a1_demo_run_002,Unitree A1,1.9529170308886734,0.32087498489516014,0.01691047610687982,-0.008117680139579243,0.012599360830089532,0.265,0.2461988744133865,0.01880112558661351,1,0,62.123428751416434,9.364652541121213,7.108999413974225,58.97616883828172,4.331421364774292,1,0,0,1
483,9.66,a1_demo_run_002,Unitree A1,1.957962062820471,0.3197964904518333,0.020414362073176803,-0.009769415727863422,0.01248508176913817,0.265,0.25225159658988544,0.012748403410114573,1,0,62.59497214628635,9.83405557001373,6.481141725044193,58.90792526539085,4.805229760424114,1,0,0,1
484,9.68,a1_demo_run_002,Unitree A1,1.9628577041002049,0.31976821460070765,0.01663440224841555,-0.008892251678275148,0.01236983512497726,0.265,0.24478206398669647,0.020217936013303545,1,0,60.92190020444613,9.224079399824943,8.43666553534961,58.79732187487607,4.651039755220439,1,0,0,1
485,9.700000000000001,a1_demo_run_002,Unitree A1,1.9677296897785885,0.3183243088644119,0.019134230018889403,-0.008703219525958372,0.012253622867975314,0.265,0.2435992839191845,0.021400716080815507,1,0,61.27522457023649,9.513924711512004,6.972338996229808,58.64082086144711,4.6697570635428445,1,0,0,1
486,9.72,a1_demo_run_002,Unitree A1,1.9724591015878061,0.31570523838356274,0.016702120611869736,-0.00743457323188297,0.012136447016322946,0.265,0.23647059046088095,0.02852940953911906,1,0,61.49133279099706,9.02607198041255,5.854421945514159,57.76330241249887,4.337404172571614,1,0,0,1
487,9.74,a1_demo_run_002,Unitree A1,1.977482454822393,0.3151993373359525,0.01818422002116815,-0.0030479318594990867,0.012018309636019062,0.265,0.2511676617293419,0.013832338270658107,1,0,60.89745828316161,8.37174010876306,4.597251851521628,57.384567565569185,4.381146742194089,1,0,0,1
488,9.76,a1_demo_run_002,Unitree A1,1.982201748770579,0.3205519790856826,0.017299805560935577,-0.005873075125448556,0.011899212840854932,0.265,0.23596469740929885,0.029035302590701167,1,0,60.06609991869007,8.12531259966934,6.382159708546045,59.1367223848063,4.80347990230142,1,0,0,1
489,9.78,a1_demo_run_002,Unitree A1,1.9872887221123803,0.3180902224727203,0.019207772668958498,-0.0118065996243454,0.011779158792396239,0.265,0.2543486670900624,0.010651332909937639,1,0,60.07891864043421,7.667836393263637,8.056501064041653,58.50335520629113,5.013691440221951,1,0,0,1
490,9.8,a1_demo_run_002,Unitree A1,1.9924799813431597,0.31715755496820996,0.01625599554300084,-0.006290545504238987,0.011658149699963115,0.265,0.25956296153897557,0.005437038461024446,1,0,59.3210815864211,6.302684389716384,10.187154165360326,60.806373076822005,4.690589548182548,1,0,0,1
491,9.82,a1_demo_run_002,Unitree A1,1.9975022835568639,0.31853760274499443,0.014029533991471554,-0.004101444905968363,0.011536187820608118,0.265,0.25111511068520914,0.013884889314790871,1,0,60.976436988663785,6.662563887652268,7.086254484665266,59.588757272827905,4.345868423415419,1,0,0,1
492,9.84,a1_demo_run_002,Unitree A1,2.0023714491349787,0.3203750447586459,0.014244808859566919,-0.0034930555417293633,0.011413275459092176,0.265,0.24345827890574168,0.021541721094258337,1,0,60.17427346984631,7.605179725290706,5.928502278831574,59.4712215714034,4.654854154126023,1,0,0,1
493,9.86,a1_demo_run_002,Unitree A1,2.0074217824305784,0.31871286924403647,0.015764356011558775,-0.007107909125829408,0.011289414967858508,0.265,0.25251666477999785,0.012483335220002167,1,0,59.296410491204604,8.338033023443401,5.3410487084021,57.979988096677914,5.1770627610305935,1,0,0,1
494,9.88,a1_demo_run_002,Unitree A1,2.0122925838347023,0.31649899169600126,0.014134838995155856,-0.0026677696753673484,0.01116460874700449,0.265,0.24354007020618965,0.021459929793810367,1,0,59.21593455499299,10.017137637205968,7.772736854827838,58.77077597391451,4.5960492970454885,1,0,0,1
495,9.9,a1_demo_run_002,Unitree A1,2.0174654839780994,0.32108500877873386,0.017243843569350478,-0.002796871900621186,0.011038859244251499,0.265,0.25864500716984573,0.006354992830154282,1,0,58.36603420731288,7.941483880974283,4.529537526662024,59.36478212276863,4.936320501455837,1,0,0,1
496,9.92,a1_demo_run_002,Unitree A1,2.0219777851806606,0.3218504172174451,0.01526813772355544,0.0017813863636222888,0.010912168954912692,0.265,0.225615060128049,0.03938493987195102,1,0,61.3478042592886,9.40486680722873,7.770483141966843,59.78055188952313,4.386356636786803,1,0,0,1
497,9.94,a1_demo_run_002,Unitree A1,2.026852531259321,0.319025102589612,0.02071112911991059,-0.006056393486577383,0.010784540421858786,0.265,0.24373730393300147,0.021262696066998543,1,0,60.00367139758508,9.511041919004969,8.144796248768078,58.56428596991005,4.561652233082196,1,0,0,1
498,9.96,a1_demo_run_002,Unitree A1,2.031333464190061,0.320112257007536,0.012234921905688721,-0.004979396500106044,0.010655976235481757,0.265,0.22404664653701165,0.04095335346298837,1,0,58.601240943093856,7.675974483235692,7.61079123452601,60.1237510421404,4.727949896655778,1,0,0,1
499,9.98,a1_demo_run_002,Unitree A1,2.035936795567435,0.32067556329289587,0.015852463240036124,-0.004003944931344561,0.010526479033656522,0.265,0.23016656886870143,0.03483343113129858,1,0,60.856084076928376,8.832566295918257,6.692473659286019,58.540819915406956,4.673419540051899,1,0,0,1
500,10.0,a1_demo_run_002,Unitree A1,2.041229668279649,0.3202917010854295,0.012910776688429444,-0.003990424444998402,0.010396051501700585,0.265,0.2646436356106974,0.00035636438930258807,1,0,58.85387521035537,7.6590607415851935,7.79091691496554,59.55571943911089,4.383657052471666,1,0,0,1
501,10.02,a1_demo_run_002,Unitree A1,2.0464134393178677,0.31890075988124655,0.013888246885495947,-0.004514836106576707,0.010264696372331624,0.265,0.25918855191092816,0.005811448089071858,1,0,57.58324734368959,9.850990251709867,7.23931371957962,57.675508165051774,4.374173321449871,1,0,0,1
502,10.040000000000001,a1_demo_run_002,Unitree A1,2.0512130520695715,0.3187637521602398,0.01485338858140158,-0.008720306072580428,0.010132416425623063,0.265,0.2399806375851879,0.02501936241481212,1,0,60.89539094502379,8.890180673572305,5.9106266213951715,55.73874243211856,4.8250477082745284,1,0,0,1
503,10.06,a1_demo_run_002,Unitree A1,2.0558280805502487,0.31847276441151623,0.009602703580327143,-0.002423342005659665,0.009999214488957575,0.265,0.2307514240338558,0.034248575966144224,1,0,58.62659096445416,6.333322743436303,9.590577251325037,58.566658798075714,4.877407392153695,1,0,0,1
504,10.08,a1_demo_run_002,Unitree A1,2.0600955436197754,0.3143393939738874,0.014397666176946329,6.445745042601872e-05,0.009865093436978575,0.265,0.21337315347633623,0.05162684652366378,1,0,58.71845933451576,8.226134513015385,6.507648868545277,59.12055338799717,4.959211470977977,1,0,0,1
505,10.1,a1_demo_run_002,Unitree A1,2.064947354191004,0.31874710742178525,0.017388352354722903,-0.0016139307808580806,0.009730056191539651,0.265,0.24259052856143787,0.022409471438562145,1,0,59.26053466224215,10.307357026553431,8.086053220629873,58.82431124560884,5.0339205106608516,1,0,0,1
506,10.120000000000001,a1_demo_run_002,Unitree A1,2.070513781058978,0.31352180010789943,0.012322435567365297,0.004935818314559892,0.009594105721651976,0.265,0.27832134339869935,0.013321343398699337,1,0,60.7140744824074,7.746276551634619,3.6139400042259995,58.523221905103625,4.6184550357177265,1,0,0,1
507,10.14,a1_demo_run_002,Unitree A1,2.075606936041225,0.3148443824822855,0.013384259394927354,0.0006090003982960852,0.009457245043429652,0.265,0.25465774911235695,0.010342250887643067,1,0,59.05370031152985,8.626801042133096,8.7870592358933,57.35711338989369,4.508956154418859,1,0,0,1
508,10.16,a1_demo_run_002,Unitree A1,2.080464654116219,0.32001288537027484,0.014538690802492042,0.004281057021757851,0.009319477220033089,0.265,0.2428859037496963,0.022114096250303722,1,0,57.25774361364523,8.764230372834803,9.056269242516414,56.62833268641975,4.926546479710721,1,0,0,1
509,10.18,a1_demo_run_002,Unitree A1,2.085571498089164,0.3187811935636037,0.01177434142866369,0.002184461086554567,0.009180805361610212,0.265,0.2553421986472483,0.009657801352751738,1,0,8.761427805757052,57.39578543659215,56.53494249758298,8.272419576661292,4.769189293150125,0,1,1,0
510,10.200000000000001,a1_demo_run_002,Unitree A1,2.0901952782003317,0.3203294200385613,0.010543260745765136,0.004073630536422977,0.00904123262523578,0.265,0.2311890055583922,0.03381099444160782,1,0,7.321014386033586,59.47231851820273,57.18931374236451,8.097026382677585,4.347505263851105,0,1,1,0
511,10.22,a1_demo_run_002,Unitree A1,2.0951254916621824,0.31586566047279163,0.006746516150197388,0.0031814696137872026,0.008900762214848573,0.265,0.24651067309253408,0.018489326907465936,1,0,10.643093560141253,56.71597772107159,57.10257431081385,6.714741272818643,4.336974552581999,0,1,1,0
512,10.24,a1_demo_run_002,Unitree A1,2.100154073306948,0.31360181608526516,0.012163005588911835,0.006379907208901329,0.008759397381186586,0.265,0.2514290822382702,0.013570917761729806,1,0,7.998432389202954,57.70127212509506,55.33416304159772,9.053193864868879,4.720691081080203,0,1,1,0
513,10.26,a1_demo_run_002,Unitree A1,2.105141226687024,0.3158226336769438,0.010228310551012577,0.00357097606480445,0.008617141421720176,0.265,0.24935766900379971,0.0156423309962003,1,0,4.870950302941868,59.99276618191727,56.913255093943455,6.2639882796333595,4.555768969333383,0,1,1,0
514,10.28,a1_demo_run_002,Unitree A1,2.1103419221586908,0.3166238156001076,0.007993859727366793,0.005142990067963454,0.008473997680583174,0.265,0.2600347735833434,0.004965226416656587,1,0,8.500310961017943,58.895660081235945,54.928270565990495,6.683067269692543,4.59590665100574,0,1,1,0
515,10.3,a1_demo_run_002,Unitree A1,2.1154385969440734,0.3165149659074925,0.009828334383391733,0.005288236942118248,0.008329969548501969,0.265,0.2548337392691323,0.010166260730867738,1,0,10.722436909164319,57.87924861931801,55.121037155053166,9.79099529727833,4.873114737582143,0,1,1,0
516,10.32,a1_demo_run_002,Unitree A1,2.1206159859971545,0.31910422038560565,0.007955411385089142,0.0041193410005188925,0.008185060462722576,0.265,0.25886945265404904,0.006130547345950976,1,0,10.206288403963544,58.83977826051036,57.46386391803363,8.716014712827478,4.797242037538356,0,1,1,0
517,10.34,a1_demo_run_002,Unitree A1,2.1254707707756197,0.31532315711540404,0.007605659869845663,0.006317873210654808,0.008039273906935642,0.265,0.24273923892326021,0.0222607610767398,1,0,10.563336004259192,58.0397479804096,57.1634428091564,6.998786971752568,4.942479862528696,0,1,1,0
518,10.36,a1_demo_run_002,Unitree A1,2.1307092158524528,0.3170665412240024,0.00940734149523866,0.011354238608972639,0.007892613411199454,0.265,0.26192225384165096,0.0030777461583490484,1,0,6.5723357404659515,58.05059037707072,54.72273555186492,7.902332993500971,4.1296771167835775,0,1,1,0
519,10.38,a1_demo_run_002,Unitree A1,2.1361260767864256,0.3136788342224664,0.005043153030298113,0.005552410298796666,0.007745082551860909,0.265,0.2708430466986399,0.005843046698639887,1,0,9.27701335436749,58.8616188553621,54.5973831203343,7.716709142333373,4.678474366417837,0,1,1,0
520,10.4,a1_demo_run_002,Unitree A1,2.1409220745957898,0.31724398317511066,0.009333029446784179,0.007734251183129795,0.007596684951474459,0.265,0.2397998904682102,0.025200109531789805,1,0,6.989207644368603,56.83286967412795,54.63330188716796,3.6561405890316707,4.7913682804535975,0,1,1,0
521,10.42,a1_demo_run_002,Unitree A1,2.1457407494093603,0.31609760405225146,0.003955246430739107,0.010284063208468105,0.007447424278719037,0.265,0.24093374067852907,0.02406625932147094,1,0,8.314005159183694,57.81681626577187,56.47562687912717,6.230936470737266,4.238621850784419,0,1,1,0
522,10.44,a1_demo_run_002,Unitree A1,2.1510959174616326,0.3141908091481123,0.00493159660795524,0.010440901937270675,0.007297304248312953,0.265,0.2677584026136094,0.0027584026136093787,1,0,6.217866599764375,57.23240983500296,53.96282320201962,7.428814736047006,4.459110874436822,0,1,1,0
523,10.46,a1_demo_run_002,Unitree A1,2.1560874022401775,0.3154551566547081,0.009603860241401202,0.00806662574056678,0.007146328620926782,0.265,0.24957423892723413,0.015425761072765887,1,0,7.097761929164197,55.359089817457416,55.77517485487219,7.000743932816971,4.4152676938828,0,1,1,0
524,10.48,a1_demo_run_002,Unitree A1,2.1614645232411287,0.31556756495550936,0.007508665223159657,0.0025221306874871063,0.0069945012030942205,0.265,0.2688560500475584,0.0038560500475584014,1,0,7.053254623690939,56.19978490895248,56.23447158388145,7.845943590762589,4.633348908687821,0,1,1,0
525,10.5,a1_demo_run_002,Unitree A1,2.166401283606048,0.31533978471460977,0.004940606914720354,0.010211619551804255,0.006841825847120946,0.265,0.2468380182459651,0.01816198175403491,1,0,9.257977392199663,59.593569531110106,54.97861365460157,9.081275238127088,5.037397903673974,0,1,1,0
526,10.52,a1_demo_run_002,Unitree A1,2.1717961966214365,0.3204345933834291,0.0023516770081189907,0.0038062216489732573,0.006688306450991435,0.265,0.26974565076942614,0.004745650769426124,1,0,9.121006770337518,57.84654965932894,56.42970871376412,7.049849901484501,5.138559989028103,0,1,1,0
527,10.540000000000001,a1_demo_run_002,Unitree A1,2.17687615604859,0.3157550964121586,0.002657870061480552,0.013460374303646766,0.006533946958273798,0.265,0.2539979713576783,0.011002028642321693,1,0,8.387547621063149,55.364998685484885,54.50326717786324,6.019283285427989,4.431780711486886,0,1,1,0
528,10.56,a1_demo_run_002,Unitree A1,2.181989201709849,0.31539034786560033,0.0033434278799707043,0.010635215474995253,0.0063787513580225875,0.265,0.2556522830629474,0.009347716937052608,1,0,6.10941001472246,54.97186996769732,54.54383360873821,7.9547923219154635,4.769387206396509,0,1,1,0
529,10.58,a1_demo_run_002,Unitree A1,2.187418439401063,0.31075924354059636,0.0027496210259977845,0.013131889742246102,0.006222723684679588,0.265,0.2714618845607106,0.006461884560710562,1,0,7.563704792470392,56.88196855567084,53.38929337160803,7.042727333005075,4.779791625124253,0,1,1,0
530,10.6,a1_demo_run_002,Unitree A1,2.192387920741571,0.31377404021094774,0.00196821653355215,0.00879357603285805,0.006065868017972669,0.265,0.24847406702538424,0.01652593297461577,1,0,6.955436923880184,59.13560876206803,56.095997997664405,7.281511098849336,4.739285539043057,0,1,1,0
531,10.620000000000001,a1_demo_run_002,Unitree A1,2.197220924412066,0.31536246464620327,0.0015618175045884902,0.007578513010883572,0.0059081884828125,0.265,0.24165018352475867,0.023349816475241342,1,0,9.217546059372287,56.59978294188277,53.51366593161409,7.09151679318569,4.744347349116873,0,1,1,0
532,10.64,a1_demo_run_002,Unitree A1,2.202174674091811,0.31432000349750183,0.0006668521578815274,0.012517179907745136,0.00574968924918741,0.265,0.2476874839872504,0.017312516012749607,1,0,9.649458793944058,58.602716858147204,54.9916813288474,10.63857292001538,4.722691621554579,0,1,1,0
533,10.66,a1_demo_run_002,Unitree A1,2.207347136417771,0.31950728222861424,-0.0023171829340555873,0.012181190404791556,0.005590374532056154,0.265,0.25862311629798085,0.006376883702019165,1,0,9.478939820443236,57.177699351238616,54.31775392723249,4.363014034602877,5.070726154178461,0,1,1,0
534,10.68,a1_demo_run_002,Unitree A1,2.212037718058549,0.3156629299642338,-0.0009955650412138116,0.011430455817004788,0.005430248591238734,0.265,0.23452908203890363,0.030470917961096383,1,0,6.942692812816171,57.25726040178843,52.85971308201568,6.956332535614296,4.926445878226091,0,1,1,0
535,10.700000000000001,a1_demo_run_002,Unitree A1,2.2172595006719447,0.3193225196222913,0.0013373540575332687,0.013259087537873943,0.005269315731305204,0.265,0.26108913066978223,0.003910869330217781,1,0,4.16465362879473,54.64047815685428,53.39732299373279,7.494835364092251,4.3876983909658716,0,1,1,0
536,10.72,a1_demo_run_002,Unitree A1,2.2222013746617875,0.3162856672763794,-0.003757487655879921,0.020347984678319105,0.005107580301462487,0.265,0.24709369949213614,0.017906300507863876,1,0,5.526253342617924,57.73648845687694,56.103019246427216,6.40640051080411,4.853480804700748,0,1,1,0
537,10.74,a1_demo_run_002,Unitree A1,2.2275503816448605,0.3162583210516249,-0.0019279720963782101,0.015891323083832162,0.004945046695439216,0.265,0.26745034915364185,0.00245034915364184,1,0,9.990277769315092,55.86904200259808,54.36674954027816,8.759756164979596,4.879357738235221,0,1,1,0
538,10.76,a1_demo_run_002,Unitree A1,2.2320516068884255,0.31598094049819403,-0.0037150711947277104,0.016797846147735804,0.00478171935136858,0.265,0.22506126217825229,0.03993873782174773,1,0,7.438243084952246,57.46081620211063,52.58957681845956,8.638560750207494,4.736614482895963,0,1,1,0
539,10.78,a1_demo_run_002,Unitree A1,2.236940957136227,0.3162539204373768,-0.0023777694016887995,0.016646334008631452,0.004617602751669204,0.265,0.24446751239005887,0.02053248760994114,1,0,6.948985534428843,55.027766378959804,54.34835978187891,7.433143534116043,4.9422257230757145,0,1,1,0
540,10.8,a1_demo_run_002,Unitree A1,2.241616571293095,0.32058671553002327,-0.003900394166329356,0.018590669758967043,0.004452701422924024,0.265,0.23378070784340435,0.031219292156595663,1,0,10.299724410810727,56.331196760878946,53.6354349231581,7.121056742518828,4.707768192103271,0,1,1,0
541,10.82,a1_demo_run_002,Unitree A1,2.2465008449997974,0.3105397797828515,-0.0006882965450576693,0.014765320299847045,0.0042870199357572265,0.265,0.24421368533511964,0.020786314664880373,1,0,9.771223923683657,56.49248872373398,58.59536216783429,7.343260432075694,4.712124219207879,0,1,1,0
542,10.84,a1_demo_run_002,Unitree A1,2.2516450172766924,0.3113877798785238,-0.0031467224079730883,0.010444879074839944,0.004120562904709178,0.265,0.2572086138447599,0.00779138615524011,0,1,8.0342282106877,55.701056101948076,54.079208013227294,7.353298684893065,7.49344714236653,0,1,1,0
543,10.86,a1_demo_run_002,Unitree A1,2.2566888600827544,0.3150902909322571,-0.007296701629005158,0.01544423637216434,0.0039533349881094165,0.265,0.25219214030309894,0.01280785969690107,0,1,7.589235672510436,56.40077284674325,53.068158407472815,7.390277760623932,6.959572467458117,0,1,1,0
544,10.88,a1_demo_run_002,Unitree A1,2.261716992095136,0.31654482306170456,-0.0038398036767437775,0.01827143903837721,0.0037853408879476628,0.265,0.2514066006190828,0.013593399380917193,0,1,7.815058302061625,55.379876380360656,55.51075807910691,7.236801257876481,7.444891889397822,0,1,1,0
545,10.9,a1_demo_run_002,Unitree A1,2.2667697761353245,0.3182977351778515,-0.007236245214554027,0.014136321286044383,0.003616585349742874,0.265,0.2526392020094094,0.012360797990590588,0,1,8.318027917742452,54.76331418547566,50.867667291934126,7.85342904042935,7.29864321053823,0,1,1,0
546,10.92,a1_demo_run_002,Unitree A1,2.271911583507628,0.3178228205181263,-0.007340696901899383,0.016430803740721284,0.003447073162410342,0.265,0.25709036861515383,0.007909631384846183,0,1,10.24006619384745,57.83960969603874,53.50030386065564,8.554496890759012,7.169659547495367,0,1,1,0
547,10.94,a1_demo_run_002,Unitree A1,2.276764494506274,0.31575074444446205,-0.006053477341626739,0.015445217514565908,0.00327680915812684,0.265,0.24264554993232204,0.022354450067677972,0,1,8.591454393932118,56.9811981267171,56.084357441812145,5.777635793361993,7.825188183216808,0,1,1,0
548,10.96,a1_demo_run_002,Unitree A1,2.282031022862892,0.31933382253359344,-0.008153242349041316,0.021224522016020802,0.003105798212193814,0.265,0.26332641783088606,0.0016735821691139519,1,0,9.016440646254798,54.369006861573084,53.05416980635125,6.029070541073592,4.792989113283688,0,1,1,0
549,10.98,a1_demo_run_002,Unitree A1,2.2872888309506028,0.3194401207648436,-0.0058664662480366996,0.019629642881186113,0.0029340452428986323,0.265,0.2628904043855516,0.0021095956144484007,1,0,9.63697815269824,56.15244109249694,50.71573283957059,5.052074758723068,4.659569918050544,0,1,1,0
550,11.0,a1_demo_run_002,Unitree A1,2.2924818508254496,0.31740672663948655,-0.00967700932094499,0.01966301237649175,0.002761555211373894,0.265,0.2596509937423336,0.005349006257666433,1,0,6.362453598565813,54.24014404897154,52.51441351755619,8.71295636050064,4.5257495341499965,0,1,1,0
551,11.02,a1_demo_run_002,Unitree A1,2.2977178305316395,0.31943867107753854,-0.009834662994655685,0.019857802165224373,0.0025883331214547937,0.265,0.26179898530950063,0.003201014690499382,1,0,9.05680664946366,53.54551050899101,55.03223150705618,7.8504526104666486,4.740743193974402,0,1,1,0
552,11.040000000000001,a1_demo_run_002,Unitree A1,2.302893141536336,0.3178025435863845,-0.010370856252045741,0.01847166396073451,0.002414384019534547,0.265,0.25876555023482245,0.006234449765177563,1,0,7.5876037434737444,56.57650104188749,53.45049854582084,8.207374522305878,4.914133622409719,0,1,1,0
553,11.06,a1_demo_run_002,Unitree A1,2.308487446619064,0.31580954575370046,-0.010642901362823491,0.01931089282477286,0.0022397129944179512,0.265,0.27971525413640064,0.014715254136400624,1,0,4.477466725918128,52.6694761711194,51.67860846782721,5.498702466291144,4.458926070346348,0,1,1,0
554,11.08,a1_demo_run_002,Unitree A1,2.313574105828475,0.31905349785313136,-0.007758522700978172,0.016097363320556203,0.0020643251771728776,0.265,0.254332960470555,0.010667039529445033,1,0,5.020562641219863,56.279835204743094,51.82360751865587,9.998927372032194,4.663668381582019,0,1,1,0
555,11.1,a1_demo_run_002,Unitree A1,2.3186095992229054,0.3176845290031589,-0.009135982551382189,0.013828535118263525,0.001888225740979991,0.265,0.2517746697215357,0.013225330278464287,1,0,6.57463534387384,54.55644454698969,51.93026517359855,6.6476087285964995,4.880911061665024,0,1,1,0
556,11.120000000000001,a1_demo_run_002,Unitree A1,2.3235395344913337,0.3175136812760388,-0.007401366223273942,0.019895040093420725,0.0017114199009804728,0.265,0.24649676342140248,0.018503236578597537,1,0,8.743712520029614,54.54313077404416,53.151401215298215,7.735488129955758,4.178720273033622,0,1,1,0
557,11.14,a1_demo_run_002,Unitree A1,2.3284041185594817,0.3212983016585995,-0.006704284444503806,0.020545785598114194,0.0015339129141218556,0.265,0.24322920340739576,0.021770796592604252,1,0,8.159319391476416,55.34303279163108,54.45208042690625,8.69613852494972,4.6469576580582865,0,1,1,0
558,11.16,a1_demo_run_002,Unitree A1,2.333219274104866,0.31159752825665155,-0.01370960352415978,0.022965617493361387,0.0013557100790019423,0.265,0.24075777726921668,0.02424222273078333,1,0,8.25811339004593,55.514212430526904,53.985904947904395,6.1182283418855,4.552456627268214,0,1,1,0
559,11.18,a1_demo_run_002,Unitree A1,2.3381212493843626,0.31429244656683925,-0.011905852268827783,0.024068017497357937,0.0011768167357108252,0.265,0.24509876397483477,0.019901236025165248,1,0,10.73132087576137,53.47589735823455,53.085883748516004,6.7351458980822665,4.6245477435014015,0,1,1,0
560,11.200000000000001,a1_demo_run_002,Unitree A1,2.3432209865412155,0.3149840383179348,-0.014787191958597606,0.02425237862311445,0.0009972382656710079,0.265,0.2549868578426467,0.010013142157353327,1,0,6.223274539196263,55.57095047074462,50.51918656967427,7.750840484441224,4.530616850576002,0,1,1,0
561,11.22,a1_demo_run_002,Unitree A1,2.3484192873539933,0.31716167919767957,-0.014367348018140748,0.01801042174574327,0.0008169800914756315,0.265,0.25991504063888554,0.005084959361114472,1,0,7.961593304142787,54.6593453152676,50.461495979960176,11.500462305650588,4.688238783214555,0,1,1,0
562,11.24,a1_demo_run_002,Unitree A1,2.3535509564570516,0.317554434602057,-0.014438563656654788,0.01979322616072768,0.0006360476767248124,0.265,0.25658345515292136,0.008416544847078655,1,0,8.426209731939341,52.67779858135233,53.005377109412144,7.9215746399928335,5.132334898344308,0,1,1,0
563,11.26,a1_demo_run_002,Unitree A1,2.3584879033017003,0.31454672032467945,-0.015647571680874522,0.022033362622916528,0.00045444652586009744,0.265,0.24684734223244256,0.01815265776755745,1,0,6.969217636846331,54.13527780205008,50.31451845879319,9.748905610883005,4.567826857222705,0,1,1,0
564,11.28,a1_demo_run_002,Unitree A1,2.363825858275015,0.3159791201367784,-0.015980193644763243,0.027311081860855523,0.0002721821839970393,0.265,0.26689774866572447,0.0018977486657244524,1,0,8.039657443116118,56.24491843002843,51.822888866420044,9.187942403268737,4.718895778793865,0,1,1,0
565,11.3,a1_demo_run_002,Unitree A1,2.369126418222653,0.3164197380393038,-0.014496142064927877,0.02482044629183037,8.926023675589833e-05,0.265,0.26502799738189975,2.7997381899735885e-05,1,0,5.760070932281917,56.59760568326206,52.50616867175001,8.015214051092325,5.141593744220868,0,1,1,0
566,11.32,a1_demo_run_002,Unitree A1,2.3742123484300706,0.3248480193819794,-0.016959874951205114,0.024047588506550255,-9.431368990952414e-05,0.265,0.2542965103708803,0.010703489629119711,1,0,56.164726339355425,9.004287840652148,5.407368406492235,51.72216640218403,4.5021184625511514,1,0,0,1
567,11.34,a1_demo_run_002,Unitree A1,2.3791809937308677,0.32334416327811055,-0.013148483785601833,0.02039848132149481,-0.00027853392988491546,0.265,0.24843226503986257,0.016567734960137442,1,0,53.17834111700766,6.333519116564282,5.566032731897591,54.53360451588479,5.089780208084352,1,0,0,1
568,11.36,a1_demo_run_002,Unitree A1,2.3844390152818384,0.3179484577190478,-0.01696171420511424,0.019268709863363594,-0.00046339477707033945,0.265,0.2629010775485479,0.002098922451452101,1,0,56.91958402024674,8.686849663438243,6.868230509605054,50.89675683545843,4.6337027750735045,1,0,0,1
569,11.38,a1_demo_run_002,Unitree A1,2.38961153559607,0.31820950958598665,-0.00978745460546008,0.02354758710689323,-0.0006488904855569776,0.265,0.25862601571159016,0.006373984288409851,1,0,53.974479313790404,9.19120526540287,7.705110402533675,55.18076967307727,5.073876366119535,1,0,0,1
570,11.4,a1_demo_run_002,Unitree A1,2.39439235347576,0.3163886470232937,-0.016576420321473946,0.018912076821818273,-0.0008350152698057151,0.265,0.2390408939844944,0.025959106015505606,1,0,55.404853621507236,9.01599117664621,8.48612627857926,53.166274488854974,4.811750658884299,1,0,0,1
571,11.42,a1_demo_run_002,Unitree A1,2.3995053222150844,0.3146370106978843,-0.01578311746498801,0.021145814034468594,-0.0010217633048275716,0.265,0.2556484369662093,0.0093515630337907,1,0,53.83792353230875,9.098936004163086,7.849874808678773,49.12398363170099,4.696541620441467,1,0,0,1
572,11.44,a1_demo_run_002,Unitree A1,2.4046983640523285,0.3192632432630254,-0.018757559626416304,0.02152286037125713,-0.0012091287263659648,0.265,0.25965209186220145,0.005347908137798563,1,0,53.817826289406995,8.508568310946544,7.103119232989072,52.30694176843573,4.598685553279714,1,0,0,1
573,11.46,a1_demo_run_002,Unitree A1,2.409613413311017,0.31721128377222596,-0.012980434070082434,0.02584967911299896,-0.0013971056310808072,0.265,0.24575246293444328,0.019247537065556736,1,0,52.99291496425563,7.898622725637239,5.955327345020131,53.64987185944323,4.454174713311416,1,0,0,1
574,11.48,a1_demo_run_002,Unitree A1,2.414790727890185,0.31964655509986206,-0.014365177110752345,0.021027915376712683,-0.0015856880767344385,0.265,0.2588657289583917,0.006134271041608297,1,0,53.92840281007686,7.148285505734374,5.500730205817673,52.35456330052912,4.623986736519889,1,0,0,1
575,11.5,a1_demo_run_002,Unitree A1,2.4195740520853324,0.31601316589945466,-0.01620754517611875,0.015853438045497232,-0.0017748700823793059,0.265,0.2391662097573792,0.025833790242620808,1,0,54.15930183502163,5.342890274097906,6.284772076339193,53.64082972497613,4.823993843938751,1,0,0,1
576,11.52,a1_demo_run_002,Unitree A1,2.425027900922027,0.31826590759222045,-0.019677647445001785,0.023239203593264535,-0.001964645628547604,0.265,0.27269244183472513,0.007692441834725117,1,0,52.57003289044346,8.475498473398691,7.573909818972794,51.404601072069,4.590750192309231,1,0,0,1
577,11.540000000000001,a1_demo_run_002,Unitree A1,2.430461208719812,0.32070167060433824,-0.01673068300277682,0.020246680960656724,-0.002155008657442572,0.265,0.27166538988925704,0.006665389889257023,1,0,53.448255789186895,8.260473981113064,7.47127318927828,50.72247629006027,4.509006105304955,1,0,0,1
578,11.56,a1_demo_run_002,Unitree A1,2.435534992938645,0.3214069127803929,-0.019548016945866532,0.02210656293193843,-0.002345953073131669,0.265,0.2536892109416546,0.011310789058345427,1,0,52.72594952455371,8.780606179954743,4.060137219984829,52.40846261402635,4.5193585190868335,1,0,0,1
579,11.58,a1_demo_run_002,Unitree A1,2.440757151795122,0.3216983113943695,-0.014518613644462103,0.02177857683710652,-0.0025374727417415218,0.265,0.26110794282382677,0.003892057176173247,1,0,56.757848687841076,6.127438829389948,5.900052160425496,52.51174454477858,4.823823804836148,1,0,0,1
580,11.6,a1_demo_run_002,Unitree A1,2.445314194551526,0.3175185376911238,-0.01594801573223491,0.021296037454910495,-0.0027295614916546724,0.265,0.22785213782020747,0.037147862179792546,1,0,53.37240186109022,8.903023365041085,8.686310572248619,51.9403263486999,4.875403389459704,1,0,0,1
581,11.620000000000001,a1_demo_run_002,Unitree A1,2.4501725420566034,0.3231234174054475,-0.01748341338665443,0.023930720499046623,-0.002922213113708094,0.265,0.24291737525385568,0.022082624746144336,1,0,55.622544115148024,10.876363132469088,7.110901066925795,54.10824232601645,4.395491529201812,1,0,0,1
582,11.64,a1_demo_run_002,Unitree A1,2.4552383056115183,0.3191548585865386,-0.022639640980475745,0.018086903210448844,-0.003115421361393492,0.265,0.2532881777457377,0.011711822254262316,1,0,53.14804304669083,8.109830183089075,5.016187521655819,51.16318569843048,4.38805612483841,1,0,0,1
583,11.66,a1_demo_run_002,Unitree A1,2.4601176163137892,0.3229078859706203,-0.01981095162784636,0.020580367887073868,-0.003309179951059374,0.265,0.24396553511353625,0.021034464886463766,1,0,53.74912559008484,7.913668553110843,10.298149654237411,52.75683228436254,4.642724751671473,1,0,0,1
584,11.68,a1_demo_run_002,Unitree A1,2.465425998759008,0.3214710925213254,-0.01653039244691483,0.023526499771576243,-0.0035034825621148733,0.265,0.2654191222609561,0.00041912226095608407,1,0,51.501946980360316,8.43260329851998,6.959481574759329,52.379977506679495,4.922208332236602,1,0,0,1
585,11.700000000000001,a1_demo_run_002,Unitree A1,2.47104253436721,0.3182301885391331,-0.015526453937230438,0.02021438478548301,-0.003698322837235341,0.265,0.2808267804101002,0.01582678041010016,1,0,52.69322537475087,10.845271834594474,7.538067543038771,50.07334213030805,4.81902206896202,1,0,0,1
586,11.72,a1_demo_run_002,Unitree A1,2.4758975408837074,0.321055575857281,-0.015764659824496537,0.017650493453128902,-0.0038936943825696752,0.265,0.24275032582485043,0.022249674175149586,1,0,53.58269321857743,6.566893133620153,7.559334658463188,50.375543528747116,4.211520174722949,1,0,0,1
587,11.74,a1_demo_run_002,Unitree A1,2.480834105756873,0.3229357611494662,-0.021182248472251728,0.023256570283161495,-0.004089590767949404,0.265,0.24682824365827627,0.018171756341723744,1,0,55.47872538024962,8.284489706751467,6.48536634737574,52.20982903931578,4.450183367940333,1,0,0,1
588,11.76,a1_demo_run_002,Unitree A1,2.486028283913102,0.32373233925635636,-0.017394772600161593,0.024295389664933668,-0.004286005527099495,0.265,0.2597089078114553,0.005291092188544733,1,0,53.541038697419694,6.880479608783299,5.981396845450048,54.9393375506612,4.275031995640782,1,0,0,1
589,11.78,a1_demo_run_002,Unitree A1,2.491552689203336,0.3220262453384464,-0.015950933551211778,0.021267481787944076,-0.004482932157850897,0.265,0.2762202645117067,0.011220264511706712,1,0,55.140990835298666,7.234193390817007,9.970344979092317,52.950684419694234,4.432047820361465,1,0,0,1
590,11.8,a1_demo_run_002,Unitree A1,2.4963970760594356,0.3263880892547663,-0.02126716767488126,0.01636006897152675,-0.004680364122354807,0.265,0.24221934280496898,0.02278065719503103,1,0,54.07590808769278,7.9305735689652845,8.40448821746485,49.699420831538035,4.8910353667629884,1,0,0,1
591,11.82,a1_demo_run_002,Unitree A1,2.5015945731151707,0.32525840548078677,-0.017919311142158292,0.022899272600189542,-0.004878294847298649,0.265,0.25987485278675904,0.005125147213240977,1,0,55.43394792478825,9.886252538258983,8.150712081552147,47.737791037379864,4.12505493604461,1,0,0,1
592,11.84,a1_demo_run_002,Unitree A1,2.5071693373570985,0.3222799608158901,-0.017293336540338506,0.016846806311739432,-0.005076717724123754,0.265,0.278738212096391,0.013738212096390978,1,0,53.05122707647995,10.521386840964231,7.806804868405495,53.09748348729901,4.066527936687692,1,0,0,1
593,11.86,a1_demo_run_002,Unitree A1,2.5119104442723352,0.32497977024319696,-0.01836463743525772,0.021620779636167792,-0.005275626109244756,0.265,0.23705534576184678,0.027944654238153233,1,0,56.460106695141945,8.62739900247739,5.595355653493642,51.91682012612536,4.254413585910348,1,0,0,1
594,11.88,a1_demo_run_002,Unitree A1,2.516740345862227,0.32812264171656824,-0.021374154002032925,0.018472524777689747,-0.005475013324270669,0.265,0.24149507949458537,0.02350492050541464,1,0,52.41576416558777,7.472767387767121,8.788542268436384,53.63118482998871,4.523458265272853,1,0,0,1
595,11.9,a1_demo_run_002,Unitree A1,2.521775820102874,0.32837380475640343,-0.018212664318574292,0.017624210963214253,-0.0056748726562276496,0.265,0.251773712032351,0.01322628796764902,1,0,52.0054175687617,11.489834413293925,5.8196142787835505,50.78388976490965,4.596670511045604,1,0,0,1
596,11.92,a1_demo_run_002,Unitree A1,2.5267877529251415,0.3205876917162158,-0.018092126452825034,0.019241960012285595,-0.005875197357783448,0.265,0.2505966411133775,0.01440335888662253,1,0,51.369162343229924,7.401423726138672,7.396601517410904,52.49226910314062,4.540470031452247,1,0,0,1
597,11.94,a1_demo_run_002,Unitree A1,2.5321193381380627,0.3215270393823445,-0.0175948246266145,0.019701801760663662,-0.006075980647473534,0.265,0.2665792606460705,0.0015792606460705017,1,0,56.31307501216332,7.200409719896368,4.704854132349604,53.173290510781385,4.714432689210695,1,0,0,1
598,11.96,a1_demo_run_002,Unitree A1,2.5373135369516877,0.32774185185949145,-0.01827182371638268,0.018353308565938194,-0.006277215709928821,0.265,0.2597099406812454,0.005290059318754592,1,0,54.18490765024145,5.515079737589783,4.142797609093472,51.35047833411579,3.9689231745983187,1,0,0,1
599,11.98,a1_demo_run_002,Unitree A1,2.5420233389051723,0.32157045618288144,-0.01786227607732415,0.021229936597284293,-0.006478895696105191,0.265,0.2354900976742364,0.029509902325763615,1,0,52.559592989264765,9.954528196942642,7.4456076837143605,51.370294977353765,4.695744427359583,1,0,0,1
